orig_name,dest_name,d_time,d_dur_traf,d_dist,t_time,t_dist,t_fare
University District,Ballard,1145,1210,7407,1946.0,7520.0,2.75
University District,Fremont,657,695,3750,1277.0,3877.0,2.75
University District,Campus Parkway,247,244,859,548.0,1209.0,0.0
University District,Northgate,580,568,6581,1376.0,6090.0,2.75
University District,Broadview,990,1003,11673,3029.0,10843.0,2.75
University District,Crown Hill,932,938,7920,2259.0,7997.0,2.75
University District,Greenwood,780,789,6878,2175.0,6878.0,2.75
University District,Lake City,722,723,7729,2390.0,12094.0,2.75
University District,North Green Lake,572,565,5700,1429.0,4542.0,2.75
Ballard,University District,1155,1185,7373,2383.0,7551.0,2.75
Ballard,Fremont,695,760,4941,1568.0,5244.0,2.75
Ballard,Campus Parkway,1142,1229,7993,2472.0,9388.0,2.75
Ballard,Northgate,985,984,7264,1926.0,7250.0,2.75
Ballard,Broadview,752,765,6571,2344.0,7472.0,2.75
Ballard,Crown Hill,406,422,2980,675.0,3102.0,2.75
Ballard,Greenwood,572,575,4124,1494.0,5006.0,2.75
Ballard,Lake City,1236,1283,11786,2610.0,12999.0,2.75
Ballard,North Green Lake,656,677,4883,2349.0,6207.0,2.75
Fremont,University District,650,682,3754,1844.0,3902.0,2.75
Fremont,Ballard,662,679,4998,1222.0,5357.0,2.75
Fremont,Campus Parkway,510,530,3221,1381.0,4616.0,2.75
Fremont,Northgate,869,877,8994,2801.0,10541.0,2.75
Fremont,Broadview,962,964,8697,2090.0,8790.0,2.75
Fremont,Crown Hill,742,729,5993,1666.0,8168.0,2.75
Fremont,Greenwood,682,686,5841,1113.0,5303.0,2.75
Fremont,Lake City,1010,1033,10142,3122.0,16136.0,2.75
Fremont,North Green Lake,391,381,4313,1597.0,4202.0,2.75
Campus Parkway,University District,249,257,870,595.0,1213.0,2.75
Campus Parkway,Ballard,1131,1206,8535,2402.0,8755.0,2.75
Campus Parkway,Fremont,546,611,3384,1067.0,3717.0,2.75
Campus Parkway,Northgate,640,641,6909,1500.0,6792.0,2.75
Campus Parkway,Broadview,1050,1074,12001,3351.0,11800.0,2.75
Campus Parkway,Crown Hill,992,1016,8248,2883.0,11566.0,2.75
Campus Parkway,Greenwood,840,867,7206,2374.0,8313.0,2.75
Campus Parkway,Lake City,781,796,8057,1633.0,9226.0,2.75
Campus Parkway,North Green Lake,673,716,6235,1654.0,5093.0,2.75
Northgate,University District,613,734,7010,1704.0,6183.0,2.75
Northgate,Ballard,983,988,7128,1985.0,7218.0,2.75
Northgate,Fremont,768,779,8241,3069.0,18098.0,2.75
Northgate,Campus Parkway,637,800,7531,1728.0,6798.0,2.75
Northgate,Broadview,616,607,4686,2954.0,10797.0,2.75
Northgate,Crown Hill,682,656,4237,1376.0,4377.0,2.75
Northgate,Greenwood,549,515,3627,1739.0,3643.0,2.75
Northgate,Lake City,396,404,3345,517.0,2921.0,2.75
Northgate,North Green Lake,431,418,4571,1631.0,3962.0,2.75
Broadview,University District,984,1115,11496,3767.0,10191.0,2.75
Broadview,Ballard,712,750,6566,2730.0,7473.0,2.75
Broadview,Fremont,1013,1048,9343,2541.0,8711.0,2.75
Broadview,Campus Parkway,1008,1181,12017,4029.0,10941.0,2.75
Broadview,Northgate,640,632,4693,2614.0,7474.0,2.75
Broadview,Crown Hill,411,417,3674,2157.0,4632.0,2.75
Broadview,Greenwood,405,413,3456,1608.0,3913.0,2.75
Broadview,Lake City,729,742,6109,3531.0,13433.0,2.75
Broadview,North Green Lake,846,857,6278,2884.0,7685.0,2.75
Crown Hill,University District,970,1162,7838,2406.0,7703.0,2.75
Crown Hill,Ballard,401,434,3160,837.0,3071.0,2.75
Crown Hill,Fremont,787,808,6947,1519.0,6016.0,2.75
Crown Hill,Campus Parkway,994,1227,8359,2668.0,8453.0,2.75
Crown Hill,Northgate,649,631,4473,1494.0,4469.0,2.75
Crown Hill,Broadview,416,414,3781,1895.0,4691.0,2.75
Crown Hill,Greenwood,229,229,1224,907.0,1224.0,0.0
Crown Hill,Lake City,998,962,7316,2521.0,10219.0,2.75
Crown Hill,North Green Lake,626,645,3878,1588.0,4276.0,2.75
Greenwood,University District,804,987,6795,2216.0,6770.0,2.75
Greenwood,Ballard,576,603,4350,1537.0,4801.0,2.75
Greenwood,Fremont,660,686,5854,1381.0,5241.0,2.75
Greenwood,Campus Parkway,828,1052,7316,2478.0,7519.0,2.75
Greenwood,Northgate,558,529,3614,1829.0,4135.0,2.75
Greenwood,Broadview,408,407,3456,1337.0,3942.0,2.75
Greenwood,Crown Hill,240,240,1224,1003.0,1224.0,0.0
Greenwood,Lake City,907,860,6457,2548.0,9885.0,2.75
Greenwood,North Green Lake,496,500,2828,1398.0,3343.0,2.75
Lake City,University District,799,889,7812,2680.0,11784.0,2.75
Lake City,Ballard,1197,1268,12003,3317.0,13478.0,2.75
Lake City,Fremont,965,1034,11456,3205.0,15485.0,2.75
Lake City,Campus Parkway,823,954,8332,2242.0,10618.0,2.75
Lake City,Northgate,538,545,4056,912.0,3484.0,2.75
Lake City,Broadview,741,762,6102,3330.0,11767.0,2.75
Lake City,Crown Hill,980,996,8524,2759.0,10637.0,2.75
Lake City,Greenwood,816,832,7182,3815.0,24264.0,2.75
Lake City,North Green Lake,628,671,7786,2679.0,7795.0,2.75
North Green Lake,University District,703,733,4017,1462.0,4303.0,2.75
North Green Lake,Ballard,713,737,4636,2087.0,6263.0,2.75
North Green Lake,Fremont,406,451,4054,1468.0,4153.0,2.75
North Green Lake,Campus Parkway,800,834,4614,1724.0,5053.0,2.75
North Green Lake,Northgate,517,526,3973,2292.0,7842.0,2.75
North Green Lake,Broadview,810,807,6084,2505.0,6830.0,2.75
North Green Lake,Crown Hill,663,643,4077,1474.0,4334.0,2.75
North Green Lake,Greenwood,482,488,2850,1390.0,3215.0,2.75
North Green Lake,Lake City,643,654,7794,2601.0,9817.0,2.75
University District,North Greenwood,783,793,7197,2048.0,7620.0,2.75
University District,Oaktree,683,693,6613,1811.0,7598.0,2.75
University District,Roosevelt,387,407,1937,748.0,2416.0,2.75
University District,Husky Stadium,427,474,2781,794.0,2228.0,0.0
University District,Interbay,1245,1281,8053,2652.0,10352.0,0.0
University District,Denny,902,1111,11598,2392.0,11638.0,5.5
University District,Westlake,914,918,6126,1974.0,6554.0,2.75
University District,King Street Station,882,1078,8522,2138.0,9203.0,2.75
University District,Colman Dock,943,1183,8649,1882.0,8694.0,2.75
University District,South Lake Union,514,764,5367,1630.0,5148.0,2.75
Ballard,North Greenwood,599,612,4735,1319.0,5044.0,2.75
Ballard,Oaktree,796,805,5599,1373.0,5925.0,2.75
Ballard,Roosevelt,981,1022,6779,2896.0,8233.0,2.75
Ballard,Husky Stadium,1274,1361,8823,2979.0,16282.0,5.5
Ballard,Interbay,655,755,5304,2097.0,5543.0,2.75
Ballard,Denny,1479,1732,15229,3317.0,13689.0,2.75
Ballard,Westlake,943,1036,8449,1709.0,7456.0,2.75
Ballard,King Street Station,1431,1721,14639,2437.0,11368.0,2.75
Ballard,Colman Dock,1338,1574,10654,2372.0,10921.0,2.75
Ballard,South Lake Union,1178,1406,10557,2167.0,8796.0,2.75
Fremont,North Greenwood,735,746,6357,1109.0,5567.0,2.75
Fremont,Oaktree,721,712,6423,1730.0,6013.0,2.75
Fremont,Roosevelt,712,714,4709,1843.0,6723.0,2.75
Fremont,Husky Stadium,641,663,4051,1805.0,5598.0,2.75
Fremont,Interbay,631,639,5357,1553.0,6258.0,2.75
Fremont,Denny,861,1067,9705,2150.0,9697.0,2.75
Fremont,Westlake,325,387,2925,808.0,2819.0,2.75
Fremont,King Street Station,813,1059,9116,1990.0,6974.0,2.75
Fremont,Colman Dock,821,1090,9372,1858.0,6528.0,2.75
Fremont,South Lake Union,638,688,3819,1376.0,4122.0,2.75
Campus Parkway,North Greenwood,843,872,7525,2370.0,8577.0,2.75
Campus Parkway,Oaktree,742,766,6941,2133.0,8555.0,2.75
Campus Parkway,Roosevelt,512,493,2564,872.0,3117.0,2.75
Campus Parkway,Husky Stadium,325,323,1316,548.0,1499.0,2.75
Campus Parkway,Interbay,1135,1147,8314,1848.0,9229.0,2.75
Campus Parkway,Denny,962,1185,11926,2251.0,10840.0,2.75
Campus Parkway,Westlake,797,792,5803,1573.0,5771.0,2.75
Campus Parkway,King Street Station,942,1152,8850,2039.0,8892.0,2.75
Campus Parkway,Colman Dock,1002,1257,8977,1889.0,8382.0,2.75
Campus Parkway,South Lake Union,474,696,4939,1232.0,4088.0,2.75
Northgate,North Greenwood,498,466,3125,1453.0,3210.0,2.75
Northgate,Oaktree,322,294,1939,1111.0,2020.0,2.75
Northgate,Roosevelt,425,485,4902,991.0,3944.0,2.75
Northgate,Husky Stadium,669,966,10478,2009.0,7923.0,2.75
Northgate,Interbay,1376,1455,10804,3619.0,20296.0,2.75
Northgate,Denny,1002,1408,17137,2938.0,16932.0,2.75
Northgate,Westlake,970,1024,10774,2814.0,15576.0,2.75
Northgate,King Street Station,982,1375,14061,2147.0,14761.0,2.75
Northgate,Colman Dock,1042,1461,14188,2279.0,14550.0,2.75
Northgate,South Lake Union,613,1060,10906,2456.0,10473.0,2.75
Broadview,North Greenwood,419,427,3260,1487.0,3280.0,2.75
Broadview,Oaktree,537,525,3838,2123.0,3944.0,2.75
Broadview,Roosevelt,796,869,9388,3496.0,8790.0,2.75
Broadview,Husky Stadium,1041,1345,14964,4349.0,11924.0,2.75
Broadview,Interbay,1106,1219,10242,4247.0,15278.0,2.75
Broadview,Denny,1373,1789,21623,4938.0,18754.0,2.75
Broadview,Westlake,1215,1292,11877,3140.0,11512.0,2.75
Broadview,King Street Station,1353,1757,18546,4202.0,15680.0,2.75
Broadview,Colman Dock,1414,1843,18674,4233.0,15510.0,2.75
Broadview,South Lake Union,948,1164,15406,4434.0,19364.0,2.75
Crown Hill,North Greenwood,292,290,1740,870.0,2263.0,2.75
Crown Hill,Oaktree,459,451,2808,928.0,3145.0,2.75
Crown Hill,Roosevelt,782,916,5731,2135.0,6302.0,2.75
Crown Hill,Husky Stadium,1321,1402,9610,2988.0,9436.0,2.75
Crown Hill,Interbay,794,902,6836,2092.0,6887.0,2.75
Crown Hill,Denny,1524,1748,16260,3923.0,15732.0,5.5
Crown Hill,Westlake,988,1053,9480,2307.0,10221.0,2.75
Crown Hill,King Street Station,1476,1738,15671,3082.0,12995.0,2.75
Crown Hill,Colman Dock,1477,1725,12185,3073.0,12698.0,2.75
Crown Hill,South Lake Union,1223,1423,11589,2765.0,11561.0,2.75
Greenwood,North Greenwood,89,89,516,440.0,520.0,0.0
Greenwood,Oaktree,320,317,1681,1068.0,1689.0,2.75
Greenwood,Roosevelt,616,741,4688,1945.0,5368.0,2.75
Greenwood,Husky Stadium,860,1218,10263,2798.0,8502.0,2.75
Greenwood,Interbay,964,1067,8613,2886.0,9555.0,2.75
Greenwood,Denny,1397,1626,15167,3497.0,14531.0,2.75
Greenwood,Westlake,861,930,8387,2012.0,8041.0,2.75
Greenwood,King Street Station,1173,1628,13846,2967.0,12916.0,2.75
Greenwood,Colman Dock,1357,1620,14834,2929.0,12646.0,2.75
Greenwood,South Lake Union,804,1312,10691,2853.0,9436.0,2.75
Lake City,North Greenwood,765,783,6680,2867.0,9470.0,2.75
Lake City,Oaktree,588,609,5494,2539.0,8280.0,2.75
Lake City,Roosevelt,571,592,5208,1706.0,6293.0,2.75
Lake City,Husky Stadium,973,1059,8144,1992.0,9763.0,2.75
Lake City,Interbay,1521,1656,13787,3986.0,20997.0,2.75
Lake City,Denny,1139,1416,17843,2747.0,17035.0,5.5
Lake City,Westlake,952,1218,12788,2467.0,16445.0,5.5
Lake City,King Street Station,1179,1606,17276,2046.0,14739.0,2.75
Lake City,Colman Dock,1239,1691,17403,1971.0,14221.0,2.75
Lake City,South Lake Union,757,977,11629,2114.0,11730.0,2.75
North Green Lake,North Greenwood,485,492,2951,1524.0,3607.0,2.75
North Green Lake,Oaktree,430,434,2499,778.0,2670.0,2.75
North Green Lake,Roosevelt,419,406,2523,1191.0,2902.0,2.75
North Green Lake,Husky Stadium,777,1004,7833,2044.0,6035.0,2.75
North Green Lake,Interbay,1024,1078,8888,3337.0,10203.0,2.75
North Green Lake,Denny,1144,1401,13367,2912.0,13156.0,2.75
North Green Lake,Westlake,608,709,6587,1504.0,6675.0,2.75
North Green Lake,King Street Station,1095,1393,12777,2407.0,10930.0,2.75
North Green Lake,Colman Dock,1103,1408,13033,2369.0,10660.0,2.75
North Green Lake,South Lake Union,843,1079,8695,2468.0,8641.0,2.75
University District,Uptown,801,1103,6953,2859.0,10574.0,2.75
University District,Lander,899,1121,12552,2316.0,12872.0,5.5
University District,Stadium,856,1176,10501,2240.0,9343.0,2.75
University District,Capitol Hill,652,747,5211,1326.0,5223.0,2.75
University District,15th Ave,1080,1117,7570,2216.0,7305.0,2.75
University District,Madison,940,990,6775,2341.0,7826.0,2.75
University District,Central,1011,1017,7375,2112.0,7264.0,2.75
University District,Pike/Pine,866,1046,7910,1770.0,6558.0,2.75
University District,First Hill,750,965,8061,2258.0,7117.0,2.75
University District,Yesler Terrace,735,947,8290,1882.0,8240.0,2.75
Ballard,Uptown,890,1144,7866,1870.0,7953.0,2.75
Ballard,Lander,1595,1856,15975,3226.0,14980.0,5.5
Ballard,Stadium,1312,1605,14165,2596.0,11611.0,2.75
Ballard,Capitol Hill,1343,1573,11971,2817.0,11569.0,2.75
Ballard,15th Ave,1695,1901,12978,3404.0,13106.0,2.75
Ballard,Madison,1623,1838,14013,3917.0,15777.0,2.75
Ballard,Central,1617,1987,16744,3074.0,14702.0,2.75
Ballard,Pike/Pine,1533,1710,11867,3154.0,12143.0,2.75
Ballard,First Hill,1428,1636,11664,2737.0,11541.0,2.75
Ballard,Yesler Terrace,1477,1774,14206,3433.0,11927.0,2.75
Fremont,Uptown,478,549,4508,1790.0,7597.0,2.75
Fremont,Lander,976,1195,10452,2479.0,10795.0,5.5
Fremont,Stadium,694,947,8641,2149.0,7217.0,2.75
Fremont,Capitol Hill,725,912,6448,2218.0,6505.0,2.75
Fremont,15th Ave,1077,1228,7455,2789.0,8419.0,2.75
Fremont,Madison,1086,1158,8377,2990.0,11182.0,2.75
Fremont,Central,1157,1185,8977,2800.0,9491.0,2.75
Fremont,Pike/Pine,914,1029,6344,2227.0,7547.0,2.75
Fremont,First Hill,810,964,6140,2266.0,7419.0,2.75
Fremont,Yesler Terrace,859,1123,8682,2506.0,7533.0,2.75
Campus Parkway,Uptown,761,1035,6525,2085.0,10568.0,2.75
Campus Parkway,Lander,959,1195,12880,2175.0,12081.0,2.75
Campus Parkway,Stadium,916,1250,10829,2141.0,9032.0,2.75
Campus Parkway,Capitol Hill,687,721,4563,952.0,4114.0,2.75
Campus Parkway,15th Ave,997,1070,6403,2085.0,6321.0,2.75
Campus Parkway,Madison,852,938,5607,2149.0,7301.0,2.75
Campus Parkway,Central,927,970,6208,1920.0,6739.0,2.75
Campus Parkway,Pike/Pine,926,1120,8238,1396.0,5448.0,2.75
Campus Parkway,First Hill,809,1039,8389,1704.0,6008.0,2.75
Campus Parkway,Yesler Terrace,795,1021,8618,2149.0,7341.0,2.75
Northgate,Uptown,969,1231,15062,3108.0,16132.0,2.75
Northgate,Lander,999,1413,18091,2945.0,18012.0,5.5
Northgate,Stadium,956,1465,16040,2249.0,14901.0,2.75
Northgate,Capitol Hill,751,1045,10750,2534.0,14264.0,2.75
Northgate,15th Ave,1077,1450,14436,3321.0,14339.0,2.75
Northgate,Madison,998,1335,13642,3636.0,16975.0,2.75
Northgate,Central,1073,1366,14242,3446.0,17107.0,2.75
Northgate,Pike/Pine,966,1342,13449,2339.0,13294.0,2.75
Northgate,First Hill,849,1261,13600,2336.0,12965.0,2.75
Northgate,Yesler Terrace,835,1243,13829,3192.0,16415.0,5.0
Broadview,Uptown,1368,1465,13460,4494.0,15954.0,2.75
Broadview,Lander,1327,1604,22574,5051.0,19509.0,5.5
Broadview,Stadium,1583,1854,17593,4361.0,15923.0,2.75
Broadview,Capitol Hill,1123,1423,15235,5240.0,17012.0,2.75
Broadview,15th Ave,1449,1837,18921,5109.0,16959.0,2.75
Broadview,Madison,1369,1695,18127,5322.0,19723.0,2.75
Broadview,Central,1445,1740,18727,5411.0,18200.0,2.75
Broadview,Pike/Pine,1337,1724,17935,4506.0,16088.0,2.75
Broadview,First Hill,1221,1646,18086,4808.0,21093.0,2.75
Broadview,Yesler Terrace,1206,1621,18315,5281.0,21929.0,2.75
Crown Hill,Uptown,1141,1225,11063,1865.0,9297.0,2.75
Crown Hill,Lander,1356,1837,18920,3847.0,16965.0,5.5
Crown Hill,Stadium,1357,1626,15196,3241.0,13238.0,2.75
Crown Hill,Capitol Hill,1109,1470,11578,3438.0,13346.0,2.75
Crown Hill,15th Ave,1435,1884,15264,3810.0,14270.0,2.75
Crown Hill,Madison,1355,1740,14470,4358.0,17188.0,2.75
Crown Hill,Central,1431,1785,15070,3695.0,16480.0,2.75
Crown Hill,Pike/Pine,1577,1727,12899,3542.0,13553.0,2.75
Crown Hill,First Hill,1473,1653,12695,3684.0,13599.0,2.75
Crown Hill,Yesler Terrace,1192,1668,14658,3660.0,13642.0,2.75
Greenwood,Uptown,1014,1103,9970,2659.0,11964.0,2.75
Greenwood,Lander,1190,1662,17877,3501.0,16637.0,5.5
Greenwood,Stadium,1230,1496,14103,3072.0,13055.0,2.75
Greenwood,Capitol Hill,942,1297,10535,3530.0,11728.0,2.75
Greenwood,15th Ave,1269,1709,14221,3679.0,14097.0,2.75
Greenwood,Madison,1189,1574,13427,3857.0,15362.0,2.75
Greenwood,Central,1265,1612,14027,3494.0,15435.0,2.75
Greenwood,Pike/Pine,1157,1598,13235,3432.0,13331.0,2.75
Greenwood,First Hill,1040,1517,13385,3288.0,12860.0,2.75
Greenwood,Yesler Terrace,1026,1492,13615,3425.0,13317.0,2.75
Lake City,Uptown,1044,1316,13216,2714.0,15942.0,5.5
Lake City,Lander,1136,1421,18797,2671.0,18276.0,5.5
Lake City,Stadium,1153,1712,19255,2205.0,15003.0,2.75
Lake City,Capitol Hill,937,1199,11551,2616.0,16505.0,5.5
Lake City,15th Ave,1274,1689,17650,2849.0,15948.0,5.5
Lake City,Madison,1184,1485,14443,3390.0,18894.0,2.75
Lake City,Central,1270,1589,17457,3532.0,17186.0,5.5
Lake City,Pike/Pine,1163,1579,16664,2602.0,15183.0,5.5
Lake City,First Hill,1046,1493,16815,2608.0,13458.0,2.75
Lake City,Yesler Terrace,1032,1471,17044,3120.0,14512.0,2.75
North Green Lake,Uptown,760,881,8170,2555.0,11104.0,2.75
North Green Lake,Lander,1001,1449,16660,3121.0,14651.0,5.5
North Green Lake,Stadium,976,1277,12303,2512.0,11069.0,2.75
North Green Lake,Capitol Hill,790,1045,9013,3016.0,9261.0,2.75
North Green Lake,15th Ave,1080,1489,13004,3119.0,12111.0,2.75
North Green Lake,Madison,1000,1371,12210,3512.0,14873.0,2.75
North Green Lake,Central,1076,1403,12810,3322.0,13348.0,2.75
North Green Lake,Pike/Pine,1197,1367,10005,2749.0,11238.0,2.75
North Green Lake,First Hill,1092,1300,9802,2842.0,10369.0,2.75
North Green Lake,Yesler Terrace,838,1281,12397,3028.0,11389.0,2.75
University District,West Seattle Junction/Triangle,1071,1261,16628,3309.0,16773.0,2.75
University District,Morgan Junction,1266,1453,18442,3419.0,18678.0,2.75
University District,Westwood,938,963,12044,2632.0,11102.0,0.0
University District,Roxbury,1375,1563,20150,3501.0,20305.0,2.75
University District,Admiral,1042,1225,16759,3903.0,21297.0,8.25
University District,North Beacon Hill,889,1080,11492,2259.0,12843.0,5.5
University District,Mt. Baker Station,898,1074,11464,2424.0,10580.0,2.75
University District,Columbia City Station,1046,1275,14198,2539.0,15877.0,5.5
University District,Othello Station,1218,1438,17012,2779.0,18621.0,5.5
University District,Rainier Beach,1295,1510,21812,3750.0,22360.0,8.25
Ballard,West Seattle Junction/Triangle,1493,1651,19494,3839.0,19307.0,2.75
Ballard,Morgan Junction,1688,1841,21309,3949.0,21212.0,2.75
Ballard,Westwood,1421,1487,13756,4438.0,15358.0,2.75
Ballard,Roxbury,1757,1924,23579,3935.0,22530.0,2.75
Ballard,Admiral,1464,1613,19625,4649.0,21522.0,2.75
Ballard,North Beacon Hill,1628,1892,16063,3169.0,14951.0,5.5
Ballard,Mt. Baker Station,1616,1870,17601,3371.0,16216.0,5.5
Ballard,Columbia City Station,1764,2046,19907,3449.0,17986.0,5.5
Ballard,Othello Station,1935,2204,22722,3689.0,20729.0,5.5
Ballard,Rainier Beach,2013,2290,27521,4840.0,23512.0,2.75
Fremont,West Seattle Junction/Triangle,875,989,13971,2972.0,15318.0,2.75
Fremont,Morgan Junction,1070,1181,15785,3082.0,17223.0,2.75
Fremont,Westwood,1227,1274,14456,4175.0,21616.0,5.5
Fremont,Roxbury,1138,1264,18056,3188.0,18538.0,2.75
Fremont,Admiral,845,952,14102,4176.0,17848.0,2.75
Fremont,North Beacon Hill,1010,1230,10540,2422.0,10766.0,5.5
Fremont,Mt. Baker Station,998,1207,12077,2624.0,12031.0,5.5
Fremont,Columbia City Station,1146,1398,14384,2702.0,13801.0,5.5
Fremont,Othello Station,1317,1559,17198,2942.0,16544.0,5.5
Fremont,Rainier Beach,1395,1629,21998,3913.0,20283.0,8.25
Campus Parkway,West Seattle Junction/Triangle,1131,1335,16956,3210.0,16461.0,2.75
Campus Parkway,Morgan Junction,1326,1526,18770,3320.0,18366.0,2.75
Campus Parkway,Westwood,998,1037,12372,2459.0,11455.0,2.75
Campus Parkway,Roxbury,1435,1637,20478,3508.0,19993.0,2.75
Campus Parkway,Admiral,1102,1299,17087,3837.0,20772.0,8.25
Campus Parkway,North Beacon Hill,949,1154,11820,2118.0,12052.0,2.75
Campus Parkway,Mt. Baker Station,958,1149,11792,2232.0,10055.0,2.75
Campus Parkway,Columbia City Station,1106,1349,14526,2398.0,15072.0,2.75
Campus Parkway,Othello Station,1277,1510,17340,2638.0,17816.0,2.75
Campus Parkway,Rainier Beach,1355,1582,22140,3608.0,21787.0,8.25
Northgate,West Seattle Junction/Triangle,1170,1559,22167,3558.0,22331.0,2.75
Northgate,Morgan Junction,1366,1749,23982,3668.0,24236.0,2.75
Northgate,Westwood,674,701,5814,1786.0,5115.0,2.75
Northgate,Roxbury,1475,1864,25689,3654.0,25554.0,2.75
Northgate,Admiral,1141,1521,22298,4368.0,24546.0,2.75
Northgate,North Beacon Hill,989,1376,17031,2888.0,17983.0,5.5
Northgate,Mt. Baker Station,997,1371,17004,3090.0,19248.0,5.5
Northgate,Columbia City Station,1146,1565,19737,3168.0,21018.0,5.5
Northgate,Othello Station,1317,1720,22551,3408.0,23761.0,5.5
Northgate,Rainier Beach,1395,1800,27351,4559.0,26846.0,2.75
Broadview,West Seattle Junction/Triangle,1764,1902,22922,5364.0,23619.0,2.75
Broadview,Morgan Junction,1959,2092,24737,5474.0,25524.0,2.75
Broadview,Westwood,979,1036,8018,3526.0,11723.0,2.75
Broadview,Roxbury,2028,2174,27007,5460.0,26842.0,2.75
Broadview,Admiral,1735,1863,23053,6054.0,26434.0,2.75
Broadview,North Beacon Hill,1360,1757,21517,4994.0,19480.0,5.5
Broadview,Mt. Baker Station,1369,1753,21489,5196.0,20727.0,5.5
Broadview,Columbia City Station,1517,1938,24222,5274.0,22500.0,5.5
Broadview,Othello Station,1688,2096,27037,5514.0,25243.0,5.5
Broadview,Rainier Beach,1766,2183,31836,7102.0,27824.0,5.5
Crown Hill,West Seattle Junction/Triangle,1537,1668,20526,4160.0,21088.0,2.75
Crown Hill,Morgan Junction,1733,1859,22340,4270.0,22993.0,2.75
Crown Hill,Westwood,1227,1273,10338,3783.0,12413.0,2.75
Crown Hill,Roxbury,1801,1941,24611,4376.0,24306.0,2.75
Crown Hill,Admiral,1508,1630,20657,5145.0,23325.0,2.75
Crown Hill,North Beacon Hill,1346,1803,17859,3790.0,16936.0,5.5
Crown Hill,Mt. Baker Station,1355,1799,17832,3992.0,18201.0,5.5
Crown Hill,Columbia City Station,1503,1985,20565,4070.0,19971.0,5.5
Crown Hill,Othello Station,1674,2143,23379,4310.0,22714.0,5.5
Crown Hill,Rainier Beach,1752,2229,28179,5221.0,26446.0,8.25
Greenwood,West Seattle Junction/Triangle,1411,1545,19433,4114.0,20755.0,2.75
Greenwood,Morgan Junction,1606,1736,21247,4224.0,22660.0,2.75
Greenwood,Westwood,1045,1053,9506,3179.0,13510.0,2.75
Greenwood,Roxbury,1674,1815,23518,4090.0,23981.0,2.75
Greenwood,Admiral,1381,1507,19564,4859.0,23000.0,2.75
Greenwood,North Beacon Hill,1180,1629,16817,3444.0,16608.0,5.5
Greenwood,Mt. Baker Station,1189,1625,16789,3646.0,17873.0,5.5
Greenwood,Columbia City Station,1337,1810,19522,3724.0,19643.0,5.5
Greenwood,Othello Station,1508,1968,22336,3964.0,22386.0,5.5
Greenwood,Rainier Beach,1586,2054,27136,4935.0,26118.0,8.25
Lake City,West Seattle Junction/Triangle,1308,1567,22873,3644.0,22903.0,5.5
Lake City,Morgan Junction,1503,1757,24688,3754.0,24808.0,5.5
Lake City,Westwood,293,282,1918,1164.0,2905.0,2.75
Lake City,Roxbury,1612,1872,26395,3740.0,25920.0,5.5
Lake City,Admiral,1279,1528,23004,4454.0,24963.0,5.5
Lake City,North Beacon Hill,1198,1483,18937,2614.0,18247.0,5.5
Lake City,Mt. Baker Station,1194,1603,20218,2816.0,19494.0,5.5
Lake City,Columbia City Station,1283,1572,20443,2894.0,21267.0,5.5
Lake City,Othello Station,1454,1727,23257,3134.0,24010.0,5.5
Lake City,Rainier Beach,1532,1808,28057,4645.0,26870.0,5.5
North Green Lake,West Seattle Junction/Triangle,1157,1323,17632,3434.0,18772.0,2.75
North Green Lake,Morgan Junction,1352,1514,19447,3544.0,20677.0,2.75
North Green Lake,Westwood,828,856,9764,3422.0,11367.0,2.75
North Green Lake,Roxbury,1421,1594,21717,3830.0,21992.0,2.75
North Green Lake,Admiral,1128,1286,17763,4244.0,20987.0,2.75
North Green Lake,North Beacon Hill,991,1414,15599,3064.0,14622.0,5.5
North Green Lake,Mt. Baker Station,1000,1409,15572,3266.0,15887.0,5.5
North Green Lake,Columbia City Station,1148,1600,18305,3344.0,17657.0,5.5
North Green Lake,Othello Station,1320,1756,21119,3584.0,20400.0,5.5
North Green Lake,Rainier Beach,1398,1839,25919,4735.0,23060.0,2.75
University District,Belltown,856,1084,7944,1993.0,7729.0,2.75
Ballard,Belltown,1097,1273,10329,1575.0,9157.0,2.75
Fremont,Belltown,479,609,4806,957.0,4763.0,2.75
Campus Parkway,Belltown,916,1158,8272,1670.0,7226.0,2.75
Northgate,Belltown,1123,1261,12654,2062.0,13287.0,2.75
Broadview,Belltown,1368,1531,13757,3301.0,13469.0,2.75
Crown Hill,Belltown,1142,1290,11361,2227.0,10933.0,2.75
Greenwood,Belltown,1015,1167,10268,2143.0,10605.0,2.75
Lake City,Belltown,1320,1517,15869,2091.0,14322.0,5.5
North Green Lake,Belltown,761,946,8467,1583.0,8619.0,2.75
North Greenwood,University District,813,996,7103,2585.0,7046.0,2.75
North Greenwood,Ballard,584,611,4831,1419.0,4785.0,2.75
North Greenwood,Fremont,669,697,6162,1387.0,5566.0,2.75
North Greenwood,Campus Parkway,837,1062,7624,2847.0,7796.0,2.75
North Greenwood,Northgate,520,488,3211,1533.0,3388.0,2.75
North Greenwood,Broadview,424,425,3259,1119.0,3378.0,2.75
North Greenwood,Crown Hill,298,299,1740,774.0,1943.0,2.75
North Greenwood,Greenwood,78,78,516,376.0,521.0,0.0
North Greenwood,Lake City,869,820,6053,2560.0,9138.0,2.75
North Greenwood,North Green Lake,505,512,3136,1352.0,3345.0,2.75
Oaktree,University District,686,834,7277,2117.0,7657.0,2.75
Oaktree,Ballard,725,749,5529,1448.0,6025.0,2.75
Oaktree,Fremont,705,764,5770,1529.0,5816.0,2.75
Oaktree,Campus Parkway,710,900,7798,2386.0,8385.0,2.75
Oaktree,Northgate,355,339,1938,1104.0,2056.0,2.75
Oaktree,Broadview,509,499,3826,1820.0,4011.0,2.75
Oaktree,Crown Hill,425,416,2638,803.0,3183.0,2.75
Oaktree,Greenwood,291,290,1885,1166.0,2449.0,2.75
Oaktree,Lake City,704,668,4781,1831.0,7806.0,2.75
Oaktree,North Green Lake,477,502,2588,970.0,2777.0,2.75
Roosevelt,University District,438,466,2404,1004.0,2196.0,2.75
Roosevelt,Ballard,974,987,6988,2320.0,8196.0,2.75
Roosevelt,Fremont,665,684,4934,2119.0,6521.0,2.75
Roosevelt,Campus Parkway,560,568,2905,1214.0,2945.0,2.75
Roosevelt,Northgate,390,381,4365,919.0,4068.0,2.75
Roosevelt,Broadview,799,817,9457,3194.0,8764.0,2.75
Roosevelt,Crown Hill,741,745,5703,1983.0,6268.0,2.75
Roosevelt,Greenwood,590,597,4661,1899.0,5149.0,2.75
Roosevelt,Lake City,499,502,5022,1760.0,6818.0,2.75
Roosevelt,North Green Lake,399,370,2514,1153.0,2813.0,2.75
Husky Stadium,University District,407,392,2613,676.0,2296.0,2.75
Husky Stadium,Ballard,1202,1277,9153,2404.0,9439.0,2.75
Husky Stadium,Fremont,618,681,4002,1724.0,5011.0,2.75
Husky Stadium,Campus Parkway,363,368,1468,632.0,1676.0,2.75
Husky Stadium,Northgate,680,732,10083,2024.0,7949.0,2.75
Husky Stadium,Broadview,1090,1165,15175,3487.0,12762.0,2.75
Husky Stadium,Crown Hill,1032,1110,11422,2741.0,9771.0,2.75
Husky Stadium,Greenwood,880,961,10379,2612.0,8652.0,2.75
Husky Stadium,Lake City,924,928,7919,1516.0,8470.0,2.75
Husky Stadium,North Green Lake,744,786,6853,1866.0,6316.0,2.75
Interbay,University District,1307,1327,8842,3294.0,9488.0,2.75
Interbay,Ballard,712,739,5347,2152.0,5584.0,2.75
Interbay,Fremont,712,750,5264,1901.0,6296.0,2.75
Interbay,Campus Parkway,1169,1238,7219,2690.0,8864.0,2.75
Interbay,Northgate,1428,1443,10977,4261.0,20654.0,2.75
Interbay,Broadview,1195,1220,10284,4500.0,15594.0,2.75
Interbay,Crown Hill,849,876,6693,2113.0,6852.0,2.75
Interbay,Greenwood,1002,1012,8027,3034.0,9102.0,2.75
Interbay,Lake City,1620,1648,14612,4491.0,20384.0,2.75
Interbay,North Green Lake,984,1000,8554,3529.0,15316.0,2.75
Denny,University District,961,1257,10764,2320.0,11630.0,5.5
Denny,Ballard,1506,1790,15207,3317.0,14206.0,2.75
Denny,Fremont,919,1208,9631,2138.0,9427.0,2.75
Denny,Campus Parkway,972,1277,11089,2196.0,11041.0,5.5
Denny,Northgate,1113,1384,15967,2909.0,18092.0,2.75
Denny,Broadview,1523,1809,21059,4370.0,18838.0,2.75
Denny,Crown Hill,1465,1758,17305,3725.0,15893.0,2.75
Denny,Greenwood,1313,1613,16263,3393.0,15350.0,2.75
Denny,Lake City,1254,1540,17115,2611.0,17508.0,5.5
Denny,North Green Lake,1048,1318,12907,2804.0,13314.0,5.5
Westlake,University District,732,841,6451,1851.0,6560.0,2.75
Westlake,Ballard,919,948,7767,1407.0,7507.0,2.75
Westlake,Fremont,394,389,2757,534.0,2864.0,2.75
Westlake,Campus Parkway,743,752,5561,1508.0,5735.0,2.75
Westlake,Northgate,885,967,11654,2917.0,12608.0,2.75
Westlake,Broadview,1216,1210,11861,2563.0,11585.0,2.75
Westlake,Crown Hill,1081,1054,8479,1888.0,10318.0,2.75
Westlake,Greenwood,888,888,8627,1586.0,8098.0,2.75
Westlake,Lake City,1026,1122,12802,3249.0,17255.0,2.75
Westlake,North Green Lake,507,502,6166,1221.0,6493.0,2.75
King Street Station,University District,845,938,8319,1835.0,8788.0,0.0
King Street Station,Ballard,1351,1488,14134,2835.0,11947.0,2.75
King Street Station,Fremont,764,892,8558,1589.0,7176.0,2.75
King Street Station,Campus Parkway,856,958,8643,1927.0,8976.0,5.5
King Street Station,Northgate,997,1063,13521,2169.0,15969.0,2.75
King Street Station,Broadview,1407,1494,18613,3558.0,15896.0,2.75
King Street Station,Crown Hill,1349,1442,14860,2992.0,13340.0,2.75
King Street Station,Greenwood,1197,1293,13818,2581.0,12409.0,2.75
King Street Station,Lake City,1139,1219,14669,1972.0,15298.0,2.75
King Street Station,North Green Lake,893,1002,11834,2077.0,10792.0,2.75
Colman Dock,University District,875,934,8200,2214.0,9339.0,5.5
Colman Dock,Ballard,1318,1401,10588,2793.0,11403.0,2.75
Colman Dock,Fremont,736,741,6512,1567.0,6632.0,2.75
Colman Dock,Campus Parkway,886,954,8525,2520.0,7508.0,2.75
Colman Dock,Northgate,1027,1060,13402,2359.0,15751.0,2.75
Colman Dock,Broadview,1437,1490,18495,3536.0,15352.0,2.75
Colman Dock,Crown Hill,1399,1379,13097,2979.0,13006.0,2.75
Colman Dock,Greenwood,1247,1237,12248,2559.0,11865.0,2.75
Colman Dock,Lake City,1168,1215,14551,2136.0,14730.0,2.75
Colman Dock,North Green Lake,866,851,9788,2081.0,10458.0,2.75
South Lake Union,University District,497,555,5294,1504.0,5172.0,2.75
South Lake Union,Ballard,1025,1058,9709,1717.0,8623.0,2.75
South Lake Union,Fremont,438,459,4133,1249.0,4237.0,2.75
South Lake Union,Campus Parkway,547,544,3947,1136.0,4216.0,2.75
South Lake Union,Northgate,649,666,10496,2922.0,10838.0,2.75
South Lake Union,Broadview,1059,1100,15589,3189.0,12806.0,2.75
South Lake Union,Crown Hill,1001,1044,11835,2198.0,11434.0,2.75
South Lake Union,Greenwood,849,895,10793,2212.0,9319.0,2.75
South Lake Union,Lake City,791,823,11645,3231.0,14893.0,2.75
South Lake Union,North Green Lake,567,567,7408,2034.0,7812.0,2.75
North Greenwood,Oaktree,262,257,1183,891.0,1140.0,0.0
North Greenwood,Roosevelt,625,750,4996,2314.0,5645.0,2.75
North Greenwood,Husky Stadium,869,1228,10571,3167.0,8779.0,2.75
North Greenwood,Interbay,978,1082,8507,2776.0,9349.0,2.75
North Greenwood,Denny,1406,1637,15475,3437.0,15823.0,2.75
North Greenwood,Westlake,870,941,8695,2018.0,8367.0,2.75
North Greenwood,King Street Station,1182,1638,14154,2850.0,13161.0,2.75
North Greenwood,Colman Dock,1366,1631,15142,2812.0,12891.0,2.75
North Greenwood,South Lake Union,813,1322,10999,3347.0,13275.0,2.75
Oaktree,North Greenwood,281,280,1183,880.0,2016.0,2.75
Oaktree,Roosevelt,498,588,5169,2107.0,5343.0,2.75
Oaktree,Husky Stadium,742,1065,10745,2602.0,9259.0,2.75
Oaktree,Interbay,1119,1218,9205,3082.0,9879.0,2.75
Oaktree,Denny,1132,1387,17733,2973.0,14819.0,2.75
Oaktree,Westlake,907,1008,8303,1565.0,8338.0,2.75
Oaktree,King Street Station,1055,1473,14328,2468.0,12593.0,2.75
Oaktree,Colman Dock,1115,1558,14455,2430.0,12323.0,2.75
Oaktree,South Lake Union,686,1159,11173,2934.0,12930.0,2.75
Roosevelt,North Greenwood,592,601,4980,2213.0,5541.0,2.75
Roosevelt,Oaktree,492,506,4397,1976.0,5029.0,2.75
Roosevelt,Husky Stadium,700,731,4715,1417.0,4109.0,2.75
Roosevelt,Interbay,1205,1209,8893,3661.0,12049.0,2.75
Roosevelt,Denny,897,1264,14154,3212.0,12384.0,2.75
Roosevelt,Westlake,866,929,7467,2323.0,8547.0,2.75
Roosevelt,King Street Station,877,1231,11078,2316.0,10042.0,2.75
Roosevelt,Colman Dock,937,1336,11205,2181.0,9524.0,2.75
Roosevelt,South Lake Union,508,917,7923,1589.0,7602.0,2.75
Husky Stadium,North Greenwood,883,965,10698,2506.0,9539.0,2.75
Husky Stadium,Oaktree,783,860,10115,2644.0,17645.0,5.5
Husky Stadium,Roosevelt,618,651,4198,1396.0,4275.0,2.75
Husky Stadium,Interbay,1217,1239,8894,2505.0,10524.0,2.75
Husky Stadium,Denny,769,991,10801,1485.0,9771.0,2.75
Husky Stadium,Westlake,879,884,6383,1597.0,9671.0,5.5
Husky Stadium,King Street Station,749,959,7725,1151.0,7805.0,2.75
Husky Stadium,Colman Dock,810,1064,7852,1258.0,7585.0,2.75
Husky Stadium,South Lake Union,381,629,4570,1806.0,7536.0,5.0
Interbay,North Greenwood,1042,1068,8448,3008.0,8896.0,2.75
Interbay,Oaktree,1239,1261,9312,3692.0,17126.0,2.75
Interbay,Roosevelt,1300,1340,9591,3153.0,12072.0,2.75
Interbay,Husky Stadium,1276,1322,8021,3114.0,9846.0,2.75
Interbay,Denny,1237,1575,10708,3268.0,11420.0,2.75
Interbay,Westlake,788,846,5386,2613.0,9153.0,2.75
Interbay,King Street Station,1250,1425,8330,2748.0,9099.0,2.75
Interbay,Colman Dock,1099,1276,7605,2658.0,8653.0,2.75
Interbay,South Lake Union,1011,1128,6443,3079.0,9295.0,2.75
Denny,North Greenwood,1316,1619,16582,3389.0,15615.0,2.75
Denny,Oaktree,1215,1507,15999,2967.0,15125.0,5.5
Denny,Roosevelt,980,1265,12284,2998.0,13828.0,5.5
Denny,Husky Stadium,863,1178,9882,1485.0,9771.0,2.75
Denny,Interbay,1245,1623,11405,3603.0,15358.0,2.75
Denny,Westlake,880,1176,7229,1765.0,6899.0,2.75
Denny,King Street Station,546,701,2695,902.0,2879.0,0.0
Denny,Colman Dock,576,760,3174,1243.0,3679.0,2.75
Denny,South Lake Union,657,1136,6476,2384.0,6855.0,5.5
Westlake,North Greenwood,891,891,8728,1582.0,8362.0,2.75
Westlake,Oaktree,836,836,8276,1354.0,8303.0,2.75
Westlake,Roosevelt,752,849,7971,1862.0,8459.0,2.75
Westlake,Husky Stadium,635,762,5569,1916.0,9358.0,5.5
Westlake,Interbay,779,818,6358,2173.0,8131.0,2.75
Westlake,Denny,820,968,8337,1956.0,6995.0,2.75
Westlake,King Street Station,800,935,5261,1696.0,4490.0,2.75
Westlake,Colman Dock,861,1040,5388,1545.0,3998.0,2.75
Westlake,South Lake Union,278,335,1160,664.0,1565.0,2.75
King Street Station,North Greenwood,1200,1297,14137,2577.0,12673.0,2.75
King Street Station,Oaktree,1100,1192,13553,2225.0,12603.0,2.75
King Street Station,Roosevelt,864,946,9838,2651.0,10719.0,0.0
King Street Station,Husky Stadium,747,857,7437,1216.0,7706.0,2.75
King Street Station,Interbay,1090,1307,10332,2528.0,9374.0,2.75
King Street Station,Denny,484,496,2691,805.0,2801.0,2.75
King Street Station,Westlake,725,859,6156,1437.0,4641.0,2.75
King Street Station,Colman Dock,260,275,889,778.0,983.0,0.0
King Street Station,South Lake Union,541,817,4030,1547.0,3959.0,2.75
Colman Dock,North Greenwood,1250,1241,12349,2555.0,12130.0,2.75
Colman Dock,Oaktree,1195,1185,11897,2229.0,12269.0,2.75
Colman Dock,Roosevelt,894,942,9720,2892.0,11537.0,5.5
Colman Dock,Husky Stadium,777,855,7318,1379.0,7480.0,2.75
Colman Dock,Interbay,1038,1102,8293,2408.0,8830.0,2.75
Colman Dock,Denny,653,667,3401,1206.0,3638.0,2.75
Colman Dock,Westlake,697,709,4110,1242.0,4295.0,2.75
Colman Dock,King Street Station,360,366,1120,696.0,1257.0,0.0
Colman Dock,South Lake Union,716,748,3802,1721.0,3759.0,2.75
South Lake Union,North Greenwood,852,899,11112,2208.0,9583.0,2.75
South Lake Union,Oaktree,752,794,10529,2182.0,9622.0,2.75
South Lake Union,Roosevelt,516,549,6814,2294.0,7163.0,2.75
South Lake Union,Husky Stadium,399,454,4412,1901.0,5473.0,2.75
South Lake Union,Interbay,876,934,7238,2483.0,9247.0,2.75
South Lake Union,Denny,584,667,7180,2088.0,6317.0,2.75
South Lake Union,Westlake,218,222,1160,516.0,1330.0,2.75
South Lake Union,King Street Station,564,636,4104,1664.0,3576.0,2.75
South Lake Union,Colman Dock,625,744,4231,1474.0,3698.0,2.75
North Greenwood,Uptown,1023,1114,10278,2549.0,11758.0,2.75
North Greenwood,Lander,1199,1671,18185,3384.0,16882.0,5.5
North Greenwood,Stadium,1239,1507,14411,2955.0,13300.0,2.75
North Greenwood,Capitol Hill,951,1306,10843,3258.0,12626.0,2.75
North Greenwood,15th Ave,1277,1717,14529,3562.0,14342.0,2.75
North Greenwood,Madison,1198,1582,13735,3878.0,15687.0,2.75
North Greenwood,Central,1273,1622,14335,3515.0,15760.0,2.75
North Greenwood,Pike/Pine,1166,1607,13543,3315.0,13576.0,2.75
North Greenwood,First Hill,1049,1527,13693,3171.0,13105.0,2.75
North Greenwood,Yesler Terrace,1035,1501,13923,3308.0,13562.0,2.75
Oaktree,Uptown,1060,1181,9886,2616.0,12767.0,2.75
Oaktree,Lander,1072,1508,18358,3182.0,16314.0,5.5
Oaktree,Stadium,1276,1575,14019,2573.0,12732.0,2.75
Oaktree,Capitol Hill,824,1144,11017,3109.0,13439.0,2.75
Oaktree,15th Ave,1150,1552,14702,3180.0,13774.0,2.75
Oaktree,Madison,1071,1432,13908,3573.0,16537.0,2.75
Oaktree,Central,1146,1463,14509,3383.0,15011.0,2.75
Oaktree,Pike/Pine,1039,1449,13716,2810.0,12902.0,2.75
Oaktree,First Hill,922,1360,13867,2959.0,12947.0,2.75
Oaktree,Yesler Terrace,908,1342,14096,3089.0,13052.0,2.75
Roosevelt,Uptown,828,1096,10125,3520.0,13428.0,2.75
Roosevelt,Lander,894,1274,15108,2819.0,15432.0,5.5
Roosevelt,Stadium,851,1329,13057,2475.0,10306.0,2.75
Roosevelt,Capitol Hill,646,901,7767,2369.0,7789.0,5.5
Roosevelt,15th Ave,973,1305,11453,3112.0,11293.0,2.75
Roosevelt,Madison,893,1191,10659,2970.0,10453.0,5.5
Roosevelt,Central,968,1224,11259,2741.0,9890.0,5.5
Roosevelt,Pike/Pine,861,1199,10466,2564.0,9852.0,2.75
Roosevelt,First Hill,744,1118,10617,2083.0,9331.0,2.75
Roosevelt,Yesler Terrace,730,1100,10846,2556.0,10166.0,2.75
Husky Stadium,Uptown,668,968,6156,1932.0,9168.0,5.5
Husky Stadium,Lander,766,1002,11756,1409.0,11012.0,2.75
Husky Stadium,Stadium,723,1061,9704,1253.0,7945.0,2.75
Husky Stadium,Capitol Hill,544,623,4466,934.0,4541.0,2.75
Husky Stadium,15th Ave,762,855,5427,1853.0,5593.0,2.75
Husky Stadium,Madison,617,720,4632,2085.0,6203.0,2.75
Husky Stadium,Central,692,755,5232,1556.0,5640.0,2.75
Husky Stadium,Pike/Pine,733,926,7114,918.0,4564.0,2.75
Husky Stadium,First Hill,617,845,7264,1351.0,5242.0,5.5
Husky Stadium,Yesler Terrace,602,827,7494,1674.0,7876.0,2.75
Interbay,Uptown,688,723,4822,1453.0,3282.0,2.75
Interbay,Lander,1352,1699,11455,3599.0,12317.0,2.75
Interbay,Stadium,1257,1433,8465,2907.0,9342.0,2.75
Interbay,Capitol Hill,1183,1460,7927,3486.0,10596.0,2.75
Interbay,15th Ave,1510,1821,9259,3775.0,10358.0,2.75
Interbay,Madison,1744,1843,12375,3868.0,13307.0,2.75
Interbay,Central,1668,1975,10688,3678.0,11616.0,2.75
Interbay,Pike/Pine,1347,1630,8148,3105.0,9672.0,2.75
Interbay,First Hill,1242,1554,7945,3254.0,9553.0,2.75
Interbay,Yesler Terrace,1382,1626,8817,2844.0,9725.0,2.75
Denny,Uptown,914,1226,6411,2286.0,6778.0,0.0
Denny,Lander,425,473,2546,592.0,2140.0,2.75
Denny,Stadium,480,565,2452,1004.0,3020.0,0.0
Denny,Capitol Hill,793,1074,8469,1677.0,6699.0,2.75
Denny,15th Ave,816,973,6071,2222.0,5062.0,5.5
Denny,Madison,1235,1409,9972,2792.0,9788.0,2.75
Denny,Central,821,982,6567,2092.0,7947.0,5.5
Denny,Pike/Pine,793,1077,5063,1661.0,6722.0,2.75
Denny,First Hill,606,902,4330,1638.0,4449.0,2.75
Denny,Yesler Terrace,655,846,3451,1799.0,4277.0,5.0
Westlake,Uptown,432,463,2188,1264.0,2034.0,2.75
Westlake,Lander,817,978,9292,2163.0,8056.0,5.5
Westlake,Stadium,774,1037,7240,1855.0,4733.0,2.75
Westlake,Capitol Hill,519,591,2795,2076.0,4057.0,2.75
Westlake,15th Ave,896,1008,5636,2247.0,6080.0,2.75
Westlake,Madison,963,1131,8733,2562.0,8717.0,2.75
Westlake,Central,1162,1221,5915,2333.0,7190.0,2.75
Westlake,Pike/Pine,842,864,3375,1799.0,5082.0,2.75
Westlake,First Hill,737,798,3171,1501.0,3477.0,2.75
Westlake,Yesler Terrace,653,803,5030,1974.0,4312.0,2.75
King Street Station,Uptown,759,909,5338,1710.0,4244.0,2.75
King Street Station,Lander,599,627,3438,752.0,3852.0,2.75
King Street Station,Stadium,127,127,245,223.0,310.0,0.0
King Street Station,Capitol Hill,678,755,6023,1408.0,4633.0,2.75
King Street Station,15th Ave,641,663,2800,1967.0,4054.0,2.25
King Street Station,Madison,1159,1208,7214,2334.0,7679.0,2.75
King Street Station,Central,745,779,3810,1571.0,3763.0,2.75
King Street Station,Pike/Pine,693,768,2648,1789.0,4212.0,2.25
King Street Station,First Hill,507,592,1915,1299.0,2301.0,2.75
King Street Station,Yesler Terrace,400,432,1468,1164.0,2634.0,2.25
Colman Dock,Uptown,707,705,3298,1668.0,3792.0,2.75
Colman Dock,Lander,733,789,6290,1180.0,4780.0,2.75
Colman Dock,Stadium,367,375,1255,781.0,1014.0,0.0
Colman Dock,Capitol Hill,707,751,5904,1571.0,4408.0,2.75
Colman Dock,15th Ave,765,774,2632,1451.0,2918.0,2.75
Colman Dock,Madison,1216,1256,5866,2264.0,5784.0,2.75
Colman Dock,Central,883,968,4106,1658.0,3928.0,2.75
Colman Dock,Pike/Pine,688,717,2153,1185.0,2065.0,2.75
Colman Dock,First Hill,501,541,1420,784.0,1353.0,2.75
Colman Dock,Yesler Terrace,523,571,1706,995.0,1813.0,2.75
South Lake Union,Uptown,350,391,1767,1650.0,4268.0,2.75
South Lake Union,Lander,582,678,8134,2333.0,7188.0,5.5
South Lake Union,Stadium,539,718,6083,1823.0,3819.0,2.75
South Lake Union,Capitol Hill,330,362,2998,1726.0,3511.0,2.75
South Lake Union,15th Ave,660,707,4479,1944.0,4117.0,2.75
South Lake Union,Madison,728,837,7576,2290.0,6672.0,2.75
South Lake Union,Central,777,900,6273,1843.0,5814.0,2.75
South Lake Union,Pike/Pine,621,606,2257,1390.0,2676.0,2.75
South Lake Union,First Hill,517,544,2053,915.0,2155.0,2.75
South Lake Union,Yesler Terrace,418,502,3872,1367.0,3209.0,2.75
North Greenwood,West Seattle Junction/Triangle,1419,1557,19741,3997.0,21000.0,2.75
North Greenwood,Morgan Junction,1615,1747,21555,4107.0,22905.0,2.75
North Greenwood,Westwood,1006,1014,9103,3822.0,11332.0,2.75
North Greenwood,Roxbury,1683,1827,23826,3973.0,24226.0,2.75
North Greenwood,Admiral,1390,1519,19872,4742.0,23245.0,2.75
North Greenwood,North Beacon Hill,1189,1638,17124,3327.0,16853.0,5.5
North Greenwood,Mt. Baker Station,1197,1634,17097,3529.0,18118.0,5.5
North Greenwood,Columbia City Station,1346,1819,19830,3607.0,19888.0,5.5
North Greenwood,Othello Station,1517,1977,22644,3847.0,22631.0,5.5
North Greenwood,Rainier Beach,1595,2063,27444,4818.0,26363.0,8.25
Oaktree,West Seattle Junction/Triangle,1456,1624,19348,3495.0,20435.0,2.75
Oaktree,Morgan Junction,1651,1814,21163,3605.0,22340.0,2.75
Oaktree,Westwood,841,863,7830,3093.0,10000.0,2.75
Oaktree,Roxbury,1720,1896,23433,3891.0,23655.0,2.75
Oaktree,Admiral,1427,1586,19479,4305.0,22650.0,2.75
Oaktree,North Beacon Hill,1062,1474,17298,3125.0,16285.0,5.5
Oaktree,Mt. Baker Station,1070,1470,17270,3327.0,17550.0,5.5
Oaktree,Columbia City Station,1219,1655,20004,3405.0,19320.0,5.5
Oaktree,Othello Station,1390,1814,22818,3645.0,22063.0,5.5
Oaktree,Rainier Beach,1468,1900,27617,4796.0,24723.0,2.75
Roosevelt,West Seattle Junction/Triangle,1066,1413,19184,3734.0,18206.0,2.75
Roosevelt,Morgan Junction,1261,1605,20999,3844.0,20111.0,2.75
Roosevelt,Westwood,794,789,6939,2586.0,9046.0,2.75
Roosevelt,Roxbury,1370,1715,22706,3830.0,21223.0,2.75
Roosevelt,Admiral,1036,1378,19315,4544.0,20266.0,2.75
Roosevelt,North Beacon Hill,884,1233,14048,2762.0,15403.0,5.5
Roosevelt,Mt. Baker Station,893,1227,14021,3053.0,13207.0,5.5
Roosevelt,Columbia City Station,1041,1426,16754,3042.0,18423.0,5.5
Roosevelt,Othello Station,1212,1587,19568,3282.0,21167.0,5.5
Roosevelt,Rainier Beach,1290,1659,24368,4735.0,22173.0,2.75
Husky Stadium,West Seattle Junction/Triangle,938,1142,15831,2382.0,15367.0,5.5
Husky Stadium,Morgan Junction,1133,1334,17646,2492.0,17272.0,5.5
Husky Stadium,Westwood,1038,1128,15545,2342.0,10699.0,2.75
Husky Stadium,Roxbury,1242,1446,19353,2598.0,18590.0,5.5
Husky Stadium,Admiral,909,1106,15962,3432.0,19478.0,5.5
Husky Stadium,North Beacon Hill,756,960,10696,1352.0,10983.0,2.75
Husky Stadium,Mt. Baker Station,765,955,10668,1554.0,12231.0,2.75
Husky Stadium,Columbia City Station,913,1156,13401,1632.0,14003.0,2.75
Husky Stadium,Othello Station,1085,1326,16215,1872.0,16747.0,2.75
Husky Stadium,Rainier Beach,1163,1392,21015,3023.0,20494.0,5.5
Interbay,West Seattle Junction/Triangle,1250,1493,14974,3790.0,17041.0,2.75
Interbay,Morgan Junction,1446,1683,16788,3900.0,18946.0,2.75
Interbay,Westwood,1819,1848,17206,5182.0,19959.0,2.75
Interbay,Roxbury,1514,1763,19059,3869.0,20405.0,2.75
Interbay,Admiral,1221,1455,15105,4600.0,19256.0,2.75
Interbay,North Beacon Hill,1386,1735,11543,3480.0,12899.0,5.5
Interbay,Mt. Baker Station,1374,1713,13080,3682.0,14146.0,5.5
Interbay,Columbia City Station,1522,1889,15387,3760.0,15919.0,5.5
Interbay,Othello Station,1693,2047,18201,4000.0,18662.0,5.5
Interbay,Rainier Beach,1771,2133,23001,4714.0,22327.0,8.25
Denny,West Seattle Junction/Triangle,605,611,5928,1628.0,8520.0,2.75
Denny,Morgan Junction,801,803,7743,2244.0,10263.0,2.75
Denny,Westwood,1471,1768,21429,3428.0,19736.0,5.5
Denny,Roxbury,906,925,9400,2710.0,11621.0,2.75
Denny,Admiral,576,575,6059,1984.0,10547.0,2.75
Denny,North Beacon Hill,458,508,2634,535.0,2111.0,2.75
Denny,Mt. Baker Station,599,649,4040,737.0,3358.0,2.75
Denny,Columbia City Station,619,766,4715,815.0,5130.0,2.75
Denny,Othello Station,766,841,7218,1055.0,7874.0,2.75
Denny,Rainier Beach,844,903,12018,2026.0,11613.0,5.5
Westlake,West Seattle Junction/Triangle,986,1059,12221,2858.0,12440.0,2.75
Westlake,Morgan Junction,1181,1252,14036,2968.0,14346.0,2.75
Westlake,Westwood,1243,1363,17116,3447.0,19192.0,5.5
Westlake,Roxbury,1250,1335,16306,2954.0,15651.0,2.75
Westlake,Admiral,957,1023,12352,3428.0,14655.0,2.75
Westlake,North Beacon Hill,807,936,8231,2106.0,8027.0,5.5
Westlake,Mt. Baker Station,816,931,8204,2308.0,9274.0,5.5
Westlake,Columbia City Station,964,1132,10937,2386.0,11047.0,5.5
Westlake,Othello Station,1135,1302,13751,2626.0,13790.0,5.5
Westlake,Rainier Beach,1213,1368,18551,3485.0,17983.0,8.25
King Street Station,West Seattle Junction/Triangle,811,827,8589,2070.0,9770.0,2.75
King Street Station,Morgan Junction,1006,1019,10404,2180.0,11676.0,2.75
King Street Station,Westwood,1355,1460,18983,2789.0,17526.0,2.75
King Street Station,Roxbury,1075,1102,12674,2222.0,13105.0,2.75
King Street Station,Admiral,782,790,8720,2661.0,11274.0,2.75
King Street Station,North Beacon Hill,633,662,3526,695.0,3823.0,2.75
King Street Station,Mt. Baker Station,638,655,5039,897.0,5087.0,2.75
King Street Station,Columbia City Station,785,847,7345,975.0,6857.0,2.75
King Street Station,Othello Station,957,1018,10160,1215.0,9601.0,2.75
King Street Station,Rainier Beach,1035,1083,14959,2411.0,12501.0,2.75
Colman Dock,West Seattle Junction/Triangle,707,727,8193,1704.0,9255.0,2.75
Colman Dock,Morgan Junction,902,919,10007,1814.0,11161.0,2.75
Colman Dock,Westwood,1385,1456,18865,2953.0,16958.0,2.75
Colman Dock,Roxbury,971,1002,12278,1980.0,12478.0,2.75
Colman Dock,Admiral,678,690,8324,1577.0,5988.0,0.0
Colman Dock,North Beacon Hill,716,746,5245,1123.0,4751.0,2.75
Colman Dock,Mt. Baker Station,724,740,5218,1325.0,5998.0,2.75
Colman Dock,Columbia City Station,879,943,7935,1403.0,7771.0,2.75
Colman Dock,Othello Station,1051,1113,10749,1643.0,10514.0,2.75
Colman Dock,Rainier Beach,1129,1179,15549,2933.0,13266.0,2.75
South Lake Union,West Seattle Junction/Triangle,753,818,12210,2310.0,11917.0,2.75
South Lake Union,Morgan Junction,948,1011,14025,2420.0,13822.0,2.75
South Lake Union,Westwood,1007,1063,15959,3356.0,17776.0,5.0
South Lake Union,Roxbury,1058,1123,15732,2886.0,15156.0,2.75
South Lake Union,Admiral,724,782,12341,2880.0,14132.0,2.75
South Lake Union,North Beacon Hill,571,637,7074,2276.0,7159.0,5.5
South Lake Union,Mt. Baker Station,580,632,7047,2478.0,8424.0,5.5
South Lake Union,Columbia City Station,728,832,9780,2556.0,10194.0,5.5
South Lake Union,Othello Station,900,1003,12594,2796.0,12937.0,5.5
South Lake Union,Rainier Beach,978,1068,17394,3753.0,14914.0,2.75
North Greenwood,Belltown,1024,1179,10576,2026.0,10850.0,2.75
Oaktree,Belltown,1060,1246,10183,1644.0,10282.0,2.75
Roosevelt,Belltown,1020,1166,9348,2773.0,10566.0,2.75
Husky Stadium,Belltown,723,964,7148,996.0,6312.0,2.75
Interbay,Belltown,817,1094,6092,1804.0,6888.0,2.75
Denny,Belltown,710,1022,5234,1419.0,4725.0,2.75
Westlake,Belltown,644,671,2893,711.0,2233.0,2.75
King Street Station,Belltown,715,709,2627,968.0,2467.0,2.75
Colman Dock,Belltown,518,495,1850,851.0,2121.0,2.75
South Lake Union,Belltown,562,600,2472,902.0,2469.0,2.75
Uptown,University District,799,934,6863,2527.0,9229.0,2.75
Uptown,Ballard,857,880,7865,1626.0,7983.0,2.75
Uptown,Fremont,544,590,4702,1599.0,7608.0,2.75
Uptown,Campus Parkway,810,955,7188,2149.0,11264.0,2.75
Uptown,Northgate,952,1060,12066,2871.0,17322.0,2.75
Uptown,Broadview,1340,1361,12802,3513.0,15429.0,2.75
Uptown,Crown Hill,993,1016,9211,1587.0,9251.0,2.75
Uptown,Greenwood,1054,1086,10437,2508.0,11501.0,2.75
Uptown,Lake City,1093,1215,13214,2779.0,16410.0,5.5
Uptown,North Green Lake,673,700,7977,2217.0,10337.0,2.75
Lander,University District,887,1257,12261,2279.0,12966.0,5.5
Lander,Ballard,1575,1961,20703,3481.0,15653.0,5.5
Lander,Fremont,1044,1311,10370,2415.0,10882.0,5.5
Lander,Campus Parkway,898,1278,12585,2155.0,12377.0,5.5
Lander,Northgate,1039,1385,17463,2937.0,19392.0,5.5
Lander,Broadview,1449,1810,22555,4384.0,19602.0,5.5
Lander,Crown Hill,1391,1759,18802,3753.0,17197.0,5.5
Lander,Greenwood,1239,1614,17760,3407.0,16115.0,5.5
Lander,Lake City,1181,1541,18611,3106.0,20699.0,5.5
Lander,North Green Lake,1031,1387,16582,2763.0,14649.0,5.5
Stadium,University District,945,979,8527,1945.0,8929.0,0.0
Stadium,Ballard,1266,1405,13599,2978.0,12198.0,2.75
Stadium,Fremont,679,805,8023,1732.0,7427.0,2.75
Stadium,Campus Parkway,956,1000,8852,2060.0,9227.0,5.5
Stadium,Northgate,1097,1105,13730,2302.0,16220.0,2.75
Stadium,Broadview,1518,1615,16993,3701.0,16147.0,2.75
Stadium,Crown Hill,1341,1442,14608,3169.0,13544.0,2.75
Stadium,Greenwood,1190,1300,13759,2724.0,12660.0,2.75
Stadium,Lake City,1238,1260,14878,2082.0,15439.0,2.75
Stadium,North Green Lake,808,914,11299,2299.0,10996.0,2.75
Capitol Hill,University District,659,710,5051,1373.0,5296.0,2.75
Capitol Hill,Ballard,1357,1461,12084,3366.0,12953.0,2.75
Capitol Hill,Fremont,770,863,6508,1965.0,8050.0,5.5
Capitol Hill,Campus Parkway,536,557,3992,1015.0,4362.0,2.75
Capitol Hill,Northgate,811,836,10253,3002.0,15528.0,2.75
Capitol Hill,Broadview,1221,1269,15345,3934.0,16770.0,5.5
Capitol Hill,Crown Hill,1163,1214,11592,3847.0,15764.0,2.75
Capitol Hill,Greenwood,1011,1065,10550,2957.0,13283.0,5.5
Capitol Hill,Lake City,953,991,11401,2635.0,16154.0,5.5
Capitol Hill,North Green Lake,803,838,9372,2828.0,11947.0,2.75
15th Ave,University District,880,957,8635,2433.0,7398.0,2.75
15th Ave,Ballard,1568,1660,17078,3914.0,13300.0,2.75
15th Ave,Fremont,962,1291,8465,2548.0,8529.0,2.75
15th Ave,Campus Parkway,847,878,6724,2075.0,6464.0,2.75
15th Ave,Northgate,1032,1083,13838,2833.0,15434.0,2.75
15th Ave,Broadview,1442,1512,18930,4517.0,17249.0,2.75
15th Ave,Crown Hill,1384,1461,15176,3652.0,14360.0,2.75
15th Ave,Greenwood,1232,1312,14134,3540.0,13762.0,2.75
15th Ave,Lake City,1173,1238,14986,2709.0,15733.0,5.5
15th Ave,North Green Lake,1024,1085,12956,3196.0,12154.0,2.75
Madison,University District,989,1012,7002,3023.0,10316.0,2.75
Madison,Ballard,1685,1783,16060,4391.0,15643.0,2.75
Madison,Fremont,1179,1273,8813,2545.0,9968.0,2.75
Madison,Campus Parkway,792,827,6191,2665.0,9382.0,2.75
Madison,Northgate,1149,1206,12820,3187.0,18218.0,2.75
Madison,Broadview,1559,1634,17912,4514.0,18689.0,2.75
Madison,Crown Hill,1501,1582,14159,4483.0,17185.0,2.75
Madison,Greenwood,1349,1435,13117,3537.0,15202.0,2.75
Madison,Lake City,1290,1361,13968,3859.0,21555.0,2.75
Madison,North Green Lake,1141,1208,11939,3373.0,14637.0,2.75
Central,University District,996,1041,7454,2232.0,7766.0,2.75
Central,Ballard,1707,1838,18146,3720.0,14270.0,2.75
Central,Fremont,1187,1301,9266,2414.0,9793.0,2.75
Central,Campus Parkway,800,856,6643,2046.0,6642.0,2.75
Central,Northgate,1171,1261,14906,3404.0,18198.0,2.75
Central,Broadview,1581,1691,19998,4383.0,18514.0,2.75
Central,Crown Hill,1523,1636,16245,4160.0,15769.0,2.75
Central,Greenwood,1371,1491,15203,3406.0,15027.0,2.75
Central,Lake City,1313,1418,16054,3217.0,17639.0,5.5
Central,North Green Lake,1163,1264,14025,3410.0,13221.0,2.75
Pike/Pine,University District,728,735,6735,1995.0,7520.0,2.75
Pike/Pine,Ballard,1417,1440,15177,3219.0,11961.0,2.75
Pike/Pine,Fremont,872,923,6343,2379.0,7689.0,2.75
Pike/Pine,Campus Parkway,739,756,7059,1433.0,5590.0,2.75
Pike/Pine,Northgate,881,861,11937,2384.0,14667.0,2.75
Pike/Pine,Broadview,1291,1295,17029,4348.0,16409.0,2.75
Pike/Pine,Crown Hill,1233,1240,13276,3700.0,14772.0,2.75
Pike/Pine,Greenwood,1081,1091,12234,3371.0,12922.0,2.75
Pike/Pine,Lake City,1022,1017,13085,2389.0,14991.0,5.5
Pike/Pine,North Green Lake,873,864,11056,2681.0,10955.0,2.75
First Hill,University District,628,683,6801,2307.0,8313.0,2.75
First Hill,Ballard,1327,1415,11706,2964.0,11704.0,2.75
First Hill,Fremont,740,814,6131,1738.0,6933.0,2.75
First Hill,Campus Parkway,639,703,7125,1871.0,6377.0,2.75
First Hill,Northgate,781,804,12003,2063.0,14133.0,2.75
First Hill,Broadview,1190,1237,17095,3707.0,15653.0,2.75
First Hill,Crown Hill,1132,1182,13342,3089.0,13089.0,2.75
First Hill,Greenwood,981,1033,12300,2730.0,12166.0,2.75
First Hill,Lake City,922,959,13151,2735.0,17470.0,2.75
First Hill,North Green Lake,773,806,11122,2211.0,10541.0,2.75
Yesler Terrace,University District,754,800,7963,2740.0,7953.0,2.75
Yesler Terrace,Ballard,1443,1502,16406,3196.0,12337.0,2.75
Yesler Terrace,Fremont,837,1127,7793,2079.0,7919.0,2.75
Yesler Terrace,Campus Parkway,765,820,8287,2382.0,7019.0,2.75
Yesler Terrace,Northgate,907,926,13165,2832.0,16172.0,2.75
Yesler Terrace,Broadview,1317,1359,18257,4048.0,16639.0,2.75
Yesler Terrace,Crown Hill,1259,1304,14504,3168.0,13792.0,2.75
Yesler Terrace,Greenwood,1107,1155,13462,3071.0,13152.0,2.75
Yesler Terrace,Lake City,1048,1081,14314,2739.0,16478.0,5.5
Yesler Terrace,North Green Lake,899,928,12284,2413.0,11209.0,2.75
Uptown,North Greenwood,1058,1089,10539,2482.0,11295.0,2.75
Uptown,Oaktree,1003,1033,10087,2380.0,12147.0,2.75
Uptown,Roosevelt,819,943,8383,2695.0,10351.0,2.75
Uptown,Husky Stadium,702,855,5981,1905.0,9131.0,5.5
Uptown,Interbay,577,588,5569,1292.0,3211.0,2.75
Uptown,Denny,872,1005,7200,1931.0,6446.0,2.75
Uptown,Westlake,446,486,2119,1259.0,2309.0,2.75
Uptown,King Street Station,935,918,3880,1287.0,4091.0,2.75
Uptown,Colman Dock,815,789,3928,1159.0,3573.0,2.75
Uptown,South Lake Union,421,517,1793,1203.0,3249.0,2.75
Lander,North Greenwood,1242,1619,18079,3403.0,16379.0,5.5
Lander,Oaktree,1142,1507,17495,2926.0,16460.0,5.5
Lander,Roosevelt,906,1266,13781,2957.0,15164.0,5.5
Lander,Husky Stadium,789,1178,11379,1444.0,11107.0,2.75
Lander,Interbay,1370,1728,12144,3458.0,11157.0,5.5
Lander,Denny,382,403,2966,627.0,2234.0,2.75
Lander,Westlake,1005,1279,7968,1879.0,8486.0,5.5
Lander,King Street Station,628,677,3551,819.0,4037.0,2.75
Lander,Colman Dock,701,862,3913,1202.0,5015.0,2.75
Lander,South Lake Union,583,1137,7973,2343.0,8190.0,5.5
Stadium,North Greenwood,1193,1304,13860,2720.0,12924.0,2.75
Stadium,Oaktree,1138,1248,13408,2462.0,12807.0,2.75
Stadium,Roosevelt,964,988,10047,2761.0,10860.0,0.0
Stadium,Husky Stadium,847,900,7645,1349.0,7957.0,2.75
Stadium,Interbay,1005,1222,9797,2671.0,9625.0,2.75
Stadium,Denny,438,419,2448,915.0,2941.0,2.75
Stadium,Westlake,640,772,5621,1777.0,4905.0,2.75
Stadium,King Street Station,118,118,245,233.0,310.0,0.0
Stadium,Colman Dock,188,199,904,785.0,1014.0,0.0
Stadium,South Lake Union,658,811,5313,1726.0,4202.0,2.75
Capitol Hill,North Greenwood,1014,1070,10869,2953.0,13548.0,5.5
Capitol Hill,Oaktree,914,964,10285,2991.0,13758.0,2.75
Capitol Hill,Roosevelt,678,719,6571,2509.0,7590.0,2.75
Capitol Hill,Husky Stadium,625,699,4250,934.0,4541.0,2.75
Capitol Hill,Interbay,1159,1275,9109,2879.0,10380.0,2.75
Capitol Hill,Denny,757,826,7341,1677.0,6699.0,2.75
Capitol Hill,Westlake,583,664,3072,1944.0,5784.0,2.75
Capitol Hill,King Street Station,737,792,4265,1343.0,4733.0,2.75
Capitol Hill,Colman Dock,798,897,4392,1450.0,4513.0,2.75
Capitol Hill,South Lake Union,381,417,1913,1250.0,1638.0,0.0
15th Ave,North Greenwood,1235,1316,14453,3536.0,14026.0,2.75
15th Ave,Oaktree,1134,1211,13870,3359.0,13965.0,2.75
15th Ave,Roosevelt,899,966,10155,3449.0,9692.0,2.75
15th Ave,Husky Stadium,708,778,5143,1629.0,5677.0,5.5
15th Ave,Interbay,1429,1530,9769,3560.0,9505.0,2.75
15th Ave,Denny,791,850,5527,2200.0,5024.0,5.5
15th Ave,Westlake,974,1033,4245,2280.0,5991.0,2.75
15th Ave,King Street Station,605,659,2826,1536.0,2692.0,2.75
15th Ave,Colman Dock,738,796,3361,1443.0,2818.0,2.75
15th Ave,South Lake Union,794,830,3082,2432.0,4908.0,2.75
Madison,North Greenwood,1351,1441,13436,3533.0,15466.0,2.75
Madison,Oaktree,1251,1334,12852,3536.0,16448.0,2.75
Madison,Roosevelt,1016,1089,9138,3674.0,9880.0,2.75
Madison,Husky Stadium,651,719,4605,2174.0,10793.0,5.5
Madison,Interbay,1808,1912,14170,3904.0,13070.0,2.75
Madison,Denny,1409,1530,9820,2894.0,9703.0,2.75
Madison,Westlake,1294,1428,7491,2457.0,8474.0,2.75
Madison,King Street Station,1318,1384,6791,2403.0,7550.0,2.75
Madison,Colman Dock,1451,1500,7327,2156.0,5908.0,2.75
Madison,South Lake Union,1092,1181,6333,2534.0,5690.0,2.75
Central,North Greenwood,1374,1497,15522,3402.0,15291.0,2.75
Central,Oaktree,1274,1390,14938,3573.0,15032.0,2.75
Central,Roosevelt,1038,1143,11224,3260.0,9776.0,2.75
Central,Husky Stadium,661,754,5063,1803.0,7571.0,5.5
Central,Interbay,1597,1804,11202,3865.0,9729.0,2.75
Central,Denny,894,946,6503,1962.0,7748.0,5.5
Central,Westlake,910,1256,6574,2221.0,7004.0,2.75
Central,King Street Station,731,832,3858,1750.0,3760.0,2.75
Central,Colman Dock,863,969,4393,1777.0,3825.0,2.75
Central,South Lake Union,715,1015,5415,1803.0,5516.0,2.75
Pike/Pine,North Greenwood,1084,1095,12553,3367.0,13187.0,2.75
Pike/Pine,Oaktree,983,989,11969,2844.0,12766.0,2.75
Pike/Pine,Roosevelt,748,744,8255,2807.0,8818.0,2.75
Pike/Pine,Husky Stadium,631,655,5853,974.0,4564.0,2.75
Pike/Pine,Interbay,1261,1335,8944,2732.0,9388.0,2.75
Pike/Pine,Denny,779,815,5804,1717.0,6722.0,2.75
Pike/Pine,Westlake,806,839,3419,1797.0,4792.0,2.75
Pike/Pine,King Street Station,701,780,2703,1383.0,4756.0,2.75
Pike/Pine,Colman Dock,747,827,2877,1150.0,2183.0,2.75
Pike/Pine,South Lake Union,626,637,2257,1566.0,2702.0,2.75
First Hill,North Greenwood,983,1038,12619,2726.0,12431.0,2.75
First Hill,Oaktree,883,932,12035,2359.0,12352.0,2.75
First Hill,Roosevelt,648,687,8321,2993.0,9537.0,8.25
First Hill,Husky Stadium,531,599,5919,1480.0,5229.0,5.5
First Hill,Interbay,1129,1226,8731,2579.0,9131.0,2.75
First Hill,Denny,576,621,5071,1490.0,4084.0,2.75
First Hill,Westlake,674,734,3206,1372.0,4378.0,2.75
First Hill,King Street Station,499,585,1970,1004.0,2182.0,2.75
First Hill,Colman Dock,545,639,2144,770.0,1443.0,2.75
First Hill,South Lake Union,494,532,2044,1772.0,4083.0,2.75
Yesler Terrace,North Greenwood,1110,1159,13781,3067.0,13416.0,2.75
Yesler Terrace,Oaktree,1009,1054,13198,2576.0,13020.0,2.75
Yesler Terrace,Roosevelt,774,808,9483,3772.0,13250.0,2.75
Yesler Terrace,Husky Stadium,657,721,7081,1531.0,6204.0,5.5
Yesler Terrace,Interbay,1351,1445,9570,2873.0,7752.0,2.75
Yesler Terrace,Denny,657,725,3571,1377.0,3720.0,2.75
Yesler Terrace,Westlake,646,914,4833,1529.0,5046.0,2.75
Yesler Terrace,King Street Station,389,403,1457,711.0,1497.0,2.75
Yesler Terrace,Colman Dock,522,534,1993,936.0,1798.0,2.75
Yesler Terrace,South Lake Union,451,673,3675,1888.0,4359.0,2.75
Uptown,Lander,884,1070,9704,2152.0,7786.0,5.5
Uptown,Stadium,704,880,6137,1446.0,4355.0,2.75
Uptown,Capitol Hill,586,685,3207,1516.0,4305.0,2.75
Uptown,15th Ave,963,1101,6048,1888.0,5229.0,2.75
Uptown,Madison,1030,1224,9145,2436.0,7366.0,2.75
Uptown,Central,1080,1293,7842,1773.0,7439.0,2.75
Uptown,Pike/Pine,899,921,3770,1906.0,4719.0,2.75
Uptown,First Hill,794,854,3567,1976.0,4315.0,2.75
Uptown,Yesler Terrace,720,896,5442,2013.0,4618.0,2.75
Lander,Uptown,1083,1349,8212,2274.0,7888.0,5.5
Lander,Stadium,578,678,3190,949.0,4288.0,2.75
Lander,Capitol Hill,1023,1084,5626,1636.0,8034.0,2.75
Lander,15th Ave,609,668,3835,2181.0,6398.0,5.5
Lander,Madison,1030,1126,7818,2922.0,11698.0,5.5
Lander,Central,616,697,4413,1571.0,6037.0,5.5
Lander,Pike/Pine,753,811,4121,1620.0,8057.0,2.75
Lander,First Hill,597,736,3616,1358.0,4307.0,2.75
Lander,Yesler Terrace,476,533,2868,1031.0,3251.0,2.75
Stadium,Uptown,674,824,4803,1750.0,4330.0,2.75
Stadium,Lander,553,550,3195,862.0,3992.0,2.75
Stadium,Capitol Hill,778,797,6232,1541.0,4884.0,2.75
Stadium,15th Ave,732,745,3186,1699.0,2830.0,2.75
Stadium,Madison,1250,1293,7600,2467.0,7930.0,2.75
Stadium,Central,836,864,4195,1710.0,3902.0,2.75
Stadium,Pike/Pine,793,809,2857,1554.0,3078.0,2.75
Stadium,First Hill,606,633,2124,1314.0,2078.0,2.75
Stadium,Yesler Terrace,491,516,1853,911.0,1656.0,2.75
Capitol Hill,Uptown,675,762,3499,1887.0,3823.0,2.75
Capitol Hill,Lander,754,836,8295,1685.0,6363.0,2.75
Capitol Hill,Stadium,711,891,6244,1445.0,4873.0,2.75
Capitol Hill,15th Ave,506,481,2380,1208.0,2562.0,2.75
Capitol Hill,Madison,646,667,4137,1847.0,5338.0,2.75
Capitol Hill,Central,628,636,4137,1395.0,4628.0,2.75
Capitol Hill,Pike/Pine,409,375,1895,643.0,1656.0,2.75
Capitol Hill,First Hill,508,507,2297,829.0,2318.0,2.75
Capitol Hill,Yesler Terrace,725,672,2706,1274.0,3651.0,2.75
15th Ave,Uptown,863,1175,5933,2053.0,5245.0,2.75
15th Ave,Lander,591,636,3841,1707.0,5203.0,2.75
15th Ave,Stadium,694,748,3215,1657.0,2831.0,2.75
15th Ave,Capitol Hill,518,518,2380,1246.0,2574.0,2.75
15th Ave,Madison,599,631,3993,1290.0,3918.0,2.75
15th Ave,Central,280,292,1589,796.0,2120.0,2.75
15th Ave,Pike/Pine,249,246,874,656.0,874.0,0.0
15th Ave,First Hill,311,322,1297,851.0,1158.0,2.75
15th Ave,Yesler Terrace,298,331,1609,917.0,1602.0,2.75
Madison,Uptown,1386,1527,7919,2764.0,8261.0,2.75
Madison,Lander,1115,1187,8122,2679.0,9065.0,2.75
Madison,Stadium,1339,1475,7956,2505.0,7690.0,2.75
Madison,Capitol Hill,729,774,4460,2010.0,5408.0,2.75
Madison,15th Ave,713,783,4297,1192.0,3835.0,2.75
Madison,Central,520,548,3709,1549.0,4461.0,2.75
Madison,Pike/Pine,773,819,4327,1119.0,4024.0,2.75
Madison,First Hill,833,892,4749,1526.0,4566.0,2.75
Madison,Yesler Terrace,943,1055,6350,2268.0,6353.0,2.75
Central,Uptown,1002,1354,7002,2243.0,6995.0,2.75
Central,Lander,595,625,4413,1557.0,5840.0,5.5
Central,Stadium,819,921,4247,1871.0,3899.0,2.75
Central,Capitol Hill,613,670,4208,1461.0,4411.0,2.75
Central,15th Ave,251,280,1589,999.0,2052.0,2.75
Central,Madison,414,428,3404,1061.0,3673.0,2.75
Central,Pike/Pine,434,460,2378,1175.0,2689.0,2.75
Central,First Hill,493,530,2800,1172.0,2704.0,2.75
Central,Yesler Terrace,423,503,2641,1131.0,2669.0,2.75
Pike/Pine,Uptown,885,902,3815,1733.0,4503.0,2.75
Pike/Pine,Lander,731,743,4063,1311.0,5042.0,2.75
Pike/Pine,Stadium,693,848,4946,1485.0,4896.0,2.75
Pike/Pine,Capitol Hill,454,400,1487,903.0,1498.0,2.75
Pike/Pine,15th Ave,256,237,1043,548.0,1122.0,2.75
Pike/Pine,Madison,680,666,3903,1094.0,4012.0,2.75
Pike/Pine,Central,414,394,2472,1016.0,2633.0,2.75
Pike/Pine,First Hill,203,192,733,483.0,841.0,2.75
Pike/Pine,Yesler Terrace,374,371,1381,701.0,1792.0,2.25
First Hill,Uptown,753,793,3603,1751.0,3875.0,2.75
First Hill,Lander,566,590,3611,959.0,4146.0,2.75
First Hill,Stadium,490,631,4213,1134.0,2433.0,2.75
First Hill,Capitol Hill,457,469,2266,977.0,2053.0,2.75
First Hill,15th Ave,267,269,1315,667.0,1579.0,2.75
First Hill,Madison,715,718,4445,1649.0,5114.0,2.75
First Hill,Central,425,427,2743,1176.0,3180.0,2.75
First Hill,Pike/Pine,187,177,733,328.0,755.0,2.75
First Hill,Yesler Terrace,207,215,929,595.0,1144.0,2.75
Yesler Terrace,Uptown,738,1012,5261,1749.0,4578.0,2.75
Yesler Terrace,Lander,407,433,2779,686.0,3068.0,2.75
Yesler Terrace,Stadium,477,492,1847,873.0,1637.0,2.75
Yesler Terrace,Capitol Hill,609,613,3436,1148.0,3101.0,2.75
Yesler Terrace,15th Ave,309,333,1540,1070.0,1778.0,2.25
Yesler Terrace,Madison,840,887,5977,1971.0,5784.0,5.0
Yesler Terrace,Central,426,458,2573,1046.0,2917.0,2.75
Yesler Terrace,Pike/Pine,369,375,1381,892.0,1936.0,2.25
Yesler Terrace,First Hill,215,256,919,256.0,1304.0,2.75
Uptown,West Seattle Junction/Triangle,885,926,11466,2633.0,12059.0,2.75
Uptown,Morgan Junction,1080,1119,13281,2743.0,13964.0,2.75
Uptown,Westwood,1310,1456,17528,3596.0,18639.0,5.5
Uptown,Roxbury,1149,1202,15551,2729.0,15282.0,2.75
Uptown,Admiral,856,890,11597,3203.0,14274.0,2.75
Uptown,North Beacon Hill,874,1029,8644,2095.0,7757.0,5.5
Uptown,Mt. Baker Station,883,1024,8616,2297.0,9004.0,5.5
Uptown,Columbia City Station,1031,1225,11349,2375.0,10777.0,5.5
Uptown,Othello Station,1202,1394,14163,2615.0,13520.0,5.5
Uptown,Rainier Beach,1280,1460,18963,3946.0,16222.0,2.75
Lander,West Seattle Junction/Triangle,549,554,7116,2304.0,13258.0,5.5
Lander,Morgan Junction,744,747,8930,2414.0,15164.0,5.5
Lander,Westwood,1397,1769,22926,3387.0,21071.0,5.5
Lander,Roxbury,867,875,10622,2488.0,12732.0,2.75
Lander,Admiral,520,519,7247,2274.0,11941.0,5.5
Lander,North Beacon Hill,58,58,140,117.0,140.0,0.0
Lander,Mt. Baker Station,246,248,1333,336.0,1448.0,2.75
Lander,Columbia City Station,446,441,3290,414.0,3218.0,2.75
Lander,Othello Station,727,718,5844,654.0,5962.0,2.75
Lander,Rainier Beach,787,820,12284,1625.0,9687.0,5.5
Stadium,West Seattle Junction/Triangle,788,798,7182,2176.0,10023.0,2.75
Stadium,Morgan Junction,983,990,8997,2286.0,11929.0,2.75
Stadium,Westwood,1455,1501,19192,2899.0,17667.0,2.75
Stadium,Roxbury,1049,1069,12788,2332.0,13246.0,2.75
Stadium,Admiral,759,762,7313,2614.0,10112.0,2.75
Stadium,North Beacon Hill,587,586,3283,805.0,3963.0,2.75
Stadium,Mt. Baker Station,592,578,4795,1007.0,5227.0,2.75
Stadium,Columbia City Station,739,772,7102,1085.0,6997.0,2.75
Stadium,Othello Station,911,940,9916,1325.0,9741.0,2.75
Stadium,Rainier Beach,988,1006,14716,2544.0,12752.0,2.75
Capitol Hill,West Seattle Junction/Triangle,926,976,12371,2849.0,12315.0,2.75
Capitol Hill,Morgan Junction,1121,1169,14186,2959.0,14220.0,2.75
Capitol Hill,Westwood,1169,1232,15716,3452.0,18383.0,5.5
Capitol Hill,Roxbury,1230,1281,15893,2790.0,15518.0,5.5
Capitol Hill,Admiral,897,940,12502,3419.0,14530.0,2.75
Capitol Hill,North Beacon Hill,744,794,7235,1734.0,6418.0,2.75
Capitol Hill,Mt. Baker Station,753,789,7208,1680.0,6273.0,2.75
Capitol Hill,Columbia City Station,901,990,9941,1824.0,10938.0,2.75
Capitol Hill,Othello Station,1073,1160,12755,2064.0,13682.0,2.75
Capitol Hill,Rainier Beach,1151,1226,17555,3035.0,17420.0,5.5
15th Ave,West Seattle Junction/Triangle,926,967,10780,2977.0,10999.0,2.75
15th Ave,Morgan Junction,1121,1160,12595,3087.0,12905.0,2.75
15th Ave,Westwood,1390,1479,19300,3526.0,17962.0,5.5
15th Ave,Roxbury,1230,1272,14302,2897.0,14316.0,2.75
15th Ave,Admiral,897,931,10911,3395.0,13215.0,2.75
15th Ave,North Beacon Hill,589,629,4063,1756.0,5258.0,2.75
15th Ave,Mt. Baker Station,669,682,4317,1622.0,5098.0,2.75
15th Ave,Columbia City Station,857,908,6839,2041.0,6967.0,5.5
15th Ave,Othello Station,1157,1207,9422,2281.0,9711.0,5.5
15th Ave,Rainier Beach,1150,1217,15964,3612.0,13049.0,2.75
Madison,West Seattle Junction/Triangle,1544,1643,15074,3454.0,15005.0,2.75
Madison,Morgan Junction,1739,1834,16888,3564.0,16910.0,2.75
Madison,Westwood,1507,1592,18283,4357.0,21819.0,5.5
Madison,Roxbury,1848,1952,18596,4090.0,18615.0,2.75
Madison,Admiral,1515,1605,15205,4859.0,17675.0,2.75
Madison,North Beacon Hill,1056,1128,7982,2724.0,10748.0,5.5
Madison,Mt. Baker Station,979,922,7807,2295.0,7806.0,2.75
Madison,Columbia City Station,1155,1090,9581,3004.0,13767.0,5.5
Madison,Othello Station,1455,1390,12164,3244.0,16511.0,5.5
Madison,Rainier Beach,1681,1627,15476,4035.0,16289.0,2.75
Central,West Seattle Junction/Triangle,1065,1145,11848,3191.0,12066.0,2.75
Central,Morgan Junction,1260,1337,13663,3301.0,13972.0,2.75
Central,Westwood,1529,1648,20368,4034.0,19868.0,5.5
Central,Roxbury,1370,1449,15370,3347.0,15289.0,2.75
Central,Admiral,1036,1108,11979,3849.0,17455.0,8.25
Central,North Beacon Hill,536,566,4273,1449.0,5706.0,5.5
Central,Mt. Baker Station,449,480,3683,1040.0,4471.0,2.75
Central,Columbia City Station,614,640,5458,1689.0,6482.0,2.75
Central,Othello Station,915,939,8041,2049.0,9309.0,5.5
Central,Rainier Beach,1296,1321,11388,2840.0,12954.0,2.75
Pike/Pine,West Seattle Junction/Triangle,914,932,11057,2748.0,10848.0,2.75
Pike/Pine,Morgan Junction,1109,1124,12872,2858.0,12754.0,2.75
Pike/Pine,Westwood,1239,1258,17399,3206.0,17220.0,5.5
Pike/Pine,Roxbury,1218,1237,14579,2844.0,14071.0,2.75
Pike/Pine,Admiral,885,895,11188,3318.0,13064.0,2.75
Pike/Pine,North Beacon Hill,729,736,4285,1360.0,5097.0,2.75
Pike/Pine,Mt. Baker Station,734,743,5910,1337.0,5077.0,2.75
Pike/Pine,Columbia City Station,889,946,8627,1864.0,10961.0,2.75
Pike/Pine,Othello Station,1061,1116,11441,2104.0,13705.0,2.75
Pike/Pine,Rainier Beach,1139,1182,16241,3327.0,13028.0,2.75
First Hill,West Seattle Junction/Triangle,711,737,10324,2368.0,10108.0,2.75
First Hill,Morgan Junction,906,929,12139,2478.0,12014.0,2.75
First Hill,Westwood,1139,1200,17466,3091.0,17227.0,5.5
First Hill,Roxbury,1016,1042,13846,2464.0,13331.0,2.75
First Hill,Admiral,682,700,10455,2938.0,12324.0,2.75
First Hill,North Beacon Hill,523,555,5204,1008.0,4201.0,2.75
First Hill,Mt. Baker Station,531,550,5177,1391.0,4841.0,2.75
First Hill,Columbia City Station,686,755,7894,1759.0,8806.0,2.75
First Hill,Othello Station,858,922,10708,1999.0,11549.0,2.75
First Hill,Rainier Beach,936,988,15508,2996.0,12883.0,2.75
Yesler Terrace,West Seattle Junction/Triangle,801,810,10108,2199.0,10039.0,2.75
Yesler Terrace,Morgan Junction,996,1002,11922,2309.0,11945.0,2.75
Yesler Terrace,Westwood,1265,1322,18628,3556.0,18706.0,5.5
Yesler Terrace,Roxbury,1105,1115,13630,2775.0,13556.0,2.75
Yesler Terrace,Admiral,772,774,10239,3351.0,17258.0,2.75
Yesler Terrace,North Beacon Hill,405,423,3001,735.0,3123.0,2.75
Yesler Terrace,Mt. Baker Station,497,488,3317,1085.0,3664.0,2.75
Yesler Terrace,Columbia City Station,716,701,5257,1192.0,5440.0,2.75
Yesler Terrace,Othello Station,1016,1000,7840,1791.0,8932.0,5.5
Yesler Terrace,Rainier Beach,1025,1060,15292,2343.0,11912.0,2.75
Uptown,Belltown,434,469,1723,580.0,1909.0,2.75
Lander,Belltown,835,1125,5973,1488.0,6312.0,5.5
Stadium,Belltown,470,620,3626,1126.0,2718.0,2.75
Capitol Hill,Belltown,668,742,2759,1404.0,3370.0,2.75
15th Ave,Belltown,817,929,3420,1523.0,3441.0,2.75
Madison,Belltown,1338,1511,6873,2009.0,6060.0,2.75
Central,Belltown,970,1162,4591,1952.0,4870.0,2.75
Pike/Pine,Belltown,723,713,2407,1203.0,2699.0,2.75
First Hill,Belltown,506,589,2123,981.0,2204.0,2.75
Yesler Terrace,Belltown,654,791,2995,1205.0,2907.0,2.75
West Seattle Junction/Triangle,University District,1157,1876,16604,3801.0,17758.0,2.75
West Seattle Junction/Triangle,Ballard,1567,2264,20036,3969.0,20239.0,2.75
West Seattle Junction/Triangle,Fremont,980,1682,14460,2723.0,15468.0,2.75
West Seattle Junction/Triangle,Campus Parkway,1168,1892,16929,3443.0,16824.0,2.75
West Seattle Junction/Triangle,Northgate,1309,2002,21807,3365.0,24079.0,2.75
West Seattle Junction/Triangle,Broadview,1719,2422,26899,4692.0,24188.0,2.75
West Seattle Junction/Triangle,Crown Hill,1642,2317,21045,4001.0,21664.0,2.75
West Seattle Junction/Triangle,Greenwood,1491,2176,20196,3715.0,20701.0,2.75
West Seattle Junction/Triangle,Lake City,1451,2152,22955,3358.0,23808.0,5.5
West Seattle Junction/Triangle,North Green Lake,1109,1792,17736,3251.0,19116.0,2.75
Morgan Junction,University District,1353,2098,18454,3416.0,18870.0,0.0
Morgan Junction,Ballard,1763,2437,21886,4164.0,22010.0,2.75
Morgan Junction,Fremont,1176,1860,16310,2918.0,17239.0,2.75
Morgan Junction,Campus Parkway,1364,2114,18779,3758.0,18595.0,2.75
Morgan Junction,Northgate,1506,2224,23656,3560.0,25849.0,2.75
Morgan Junction,Broadview,1915,2642,28749,4887.0,25959.0,2.75
Morgan Junction,Crown Hill,1838,2496,22895,4196.0,23434.0,2.75
Morgan Junction,Greenwood,1687,2355,22045,3910.0,22472.0,2.75
Morgan Junction,Lake City,1647,2375,24805,4232.0,29186.0,2.75
Morgan Junction,North Green Lake,1305,1971,19585,3446.0,20886.0,2.75
Westwood,University District,1019,1172,12176,2799.0,9540.0,2.75
Westwood,Ballard,1406,1476,13955,4131.0,15264.0,2.75
Westwood,Fremont,1174,1247,13407,3696.0,21342.0,2.75
Westwood,Campus Parkway,1043,1238,12697,2840.0,10914.0,2.75
Westwood,Northgate,727,752,7024,2026.0,5810.0,5.5
Westwood,Broadview,966,996,8027,3612.0,10320.0,2.75
Westwood,Crown Hill,1216,1240,10431,3573.0,12423.0,2.75
Westwood,Greenwood,1025,1057,9134,3549.0,12172.0,2.75
Westwood,Lake City,316,319,1927,949.0,2018.0,2.75
Westwood,North Green Lake,837,883,9737,3624.0,11127.0,2.75
Roxbury,University District,1487,2132,20437,4898.0,20350.0,2.75
Roxbury,Ballard,1857,2639,23678,4840.0,23466.0,2.75
Roxbury,Fremont,1270,2068,18103,3655.0,20390.0,2.75
Roxbury,Campus Parkway,1498,2147,20762,4530.0,19395.0,2.75
Roxbury,Northgate,1639,2257,25640,4416.0,27508.0,2.75
Roxbury,Broadview,2049,2675,30732,5624.0,29111.0,2.75
Roxbury,Crown Hill,1932,2709,24688,4932.0,24893.0,2.75
Roxbury,Greenwood,1781,2562,23838,4647.0,25623.0,2.75
Roxbury,Lake City,1781,2408,26788,4229.0,26818.0,5.5
Roxbury,North Green Lake,1399,2179,21378,4422.0,22345.0,2.75
Admiral,University District,1096,1829,16764,3579.0,16499.0,0.0
Admiral,Ballard,1506,2218,20196,4807.0,22424.0,2.75
Admiral,Fremont,919,1636,14620,3081.0,14889.0,2.75
Admiral,Campus Parkway,1107,1845,17089,4317.0,15590.0,2.75
Admiral,Northgate,1248,1955,21967,4323.0,23703.0,2.75
Admiral,Broadview,1658,2376,27059,5050.0,23610.0,2.75
Admiral,Crown Hill,1581,2271,21205,4599.0,21088.0,2.75
Admiral,Greenwood,1430,2130,20356,4073.0,20123.0,2.75
Admiral,Lake City,1390,2105,23115,4076.0,23013.0,5.5
Admiral,North Green Lake,1048,1746,17896,4389.0,21281.0,2.75
North Beacon Hill,University District,948,1318,12401,2165.0,12832.0,5.5
North Beacon Hill,Ballard,1657,1916,16031,3367.0,15519.0,5.5
North Beacon Hill,Fremont,1070,1332,10455,2301.0,10748.0,5.5
North Beacon Hill,Campus Parkway,959,1339,12725,2041.0,12243.0,5.5
North Beacon Hill,Northgate,1101,1448,17603,2823.0,19258.0,5.5
North Beacon Hill,Broadview,1510,1871,22695,4270.0,19468.0,5.5
North Beacon Hill,Crown Hill,1452,1819,18942,3639.0,17063.0,5.5
North Beacon Hill,Greenwood,1301,1673,17900,3293.0,15981.0,5.5
North Beacon Hill,Lake City,1242,1601,18751,2992.0,20565.0,5.5
North Beacon Hill,North Green Lake,1199,1444,13731,2649.0,14515.0,5.5
Mt. Baker Station,University District,1085,1385,11537,2384.0,14008.0,5.5
Mt. Baker Station,Ballard,1773,2087,19980,3586.0,16695.0,5.5
Mt. Baker Station,Fremont,1228,1511,11862,2520.0,11924.0,5.5
Mt. Baker Station,Campus Parkway,1096,1405,11862,2413.0,10148.0,2.75
Mt. Baker Station,Northgate,1238,1514,16740,3042.0,20435.0,5.5
Mt. Baker Station,Broadview,1647,1936,21832,4489.0,20644.0,5.5
Mt. Baker Station,Crown Hill,1589,1885,18079,3858.0,18240.0,5.5
Mt. Baker Station,Greenwood,1438,1740,17036,3512.0,17157.0,5.5
Mt. Baker Station,Lake City,1379,1665,17888,3211.0,21741.0,5.5
Mt. Baker Station,North Green Lake,1230,1512,15859,2868.0,15692.0,5.5
Columbia City Station,University District,1136,1606,14282,2614.0,16328.0,5.5
Columbia City Station,Ballard,1824,2301,22725,3682.0,18785.0,5.5
Columbia City Station,Fremont,1219,1939,14112,2376.0,14014.0,5.5
Columbia City Station,Campus Parkway,1147,1622,14607,2496.0,15157.0,5.5
Columbia City Station,Northgate,1289,1732,19485,3018.0,22525.0,5.5
Columbia City Station,Broadview,1698,2153,24577,4345.0,22734.0,5.5
Columbia City Station,Crown Hill,1641,2100,20823,3714.0,20329.0,5.5
Columbia City Station,Greenwood,1489,1955,19781,3368.0,19247.0,5.5
Columbia City Station,Lake City,1430,1882,20633,2771.0,21976.0,5.5
Columbia City Station,North Green Lake,1281,1727,18603,2964.0,17781.0,5.5
Othello Station,University District,1159,1872,16707,2839.0,18841.0,5.5
Othello Station,Ballard,1847,2562,25149,3907.0,21298.0,5.5
Othello Station,Fremont,1241,2210,16537,2601.0,16527.0,5.5
Othello Station,Campus Parkway,1170,1888,17031,2721.0,17669.0,5.5
Othello Station,Northgate,1311,1998,21909,3243.0,25037.0,5.5
Othello Station,Broadview,1721,2418,27001,4570.0,25247.0,5.5
Othello Station,Crown Hill,1663,2366,23248,3939.0,22842.0,5.5
Othello Station,Greenwood,1511,2221,22206,3593.0,21760.0,5.5
Othello Station,Lake City,1453,2148,23057,2996.0,24488.0,5.5
Othello Station,North Green Lake,1303,1993,21028,3189.0,20294.0,5.5
Rainier Beach,University District,1317,2063,21871,4449.0,22435.0,8.25
Rainier Beach,Ballard,2005,2757,30313,4977.0,25075.0,8.25
Rainier Beach,Fremont,1399,2402,21701,4031.0,20121.0,8.25
Rainier Beach,Campus Parkway,1328,2078,22195,4431.0,18638.0,2.75
Rainier Beach,Northgate,1469,2188,27073,4553.0,28915.0,8.25
Rainier Beach,Broadview,1879,2608,32165,6000.0,28841.0,8.25
Rainier Beach,Crown Hill,1821,2553,28412,5549.0,26436.0,8.25
Rainier Beach,Greenwood,1669,2411,27370,5023.0,25354.0,8.25
Rainier Beach,Lake City,1610,2338,28221,5026.0,27362.0,5.5
Rainier Beach,North Green Lake,1461,2183,26192,5099.0,22854.0,2.75
West Seattle Junction/Triangle,North Greenwood,1494,2179,20297,3711.0,20965.0,2.75
West Seattle Junction/Triangle,Oaktree,1439,2122,19845,3414.0,20927.0,2.75
West Seattle Junction/Triangle,Roosevelt,1176,1875,18124,4185.0,21152.0,2.75
West Seattle Junction/Triangle,Husky Stadium,1059,1782,15722,2592.0,15813.0,5.5
West Seattle Junction/Triangle,Interbay,1305,2101,16234,3615.0,16397.0,2.75
West Seattle Junction/Triangle,Denny,575,773,6151,1632.0,8671.0,2.75
West Seattle Junction/Triangle,Westlake,940,1648,12058,2335.0,12953.0,2.75
West Seattle Junction/Triangle,King Street Station,948,1290,7754,2221.0,11163.0,2.75
West Seattle Junction/Triangle,Colman Dock,956,1321,8010,1913.0,10196.0,2.75
West Seattle Junction/Triangle,South Lake Union,959,1686,11750,2411.0,12576.0,2.75
Morgan Junction,North Greenwood,1690,2358,22146,3906.0,22736.0,2.75
Morgan Junction,Oaktree,1635,2301,21694,3609.0,22697.0,2.75
Morgan Junction,Roosevelt,1373,2097,19974,4380.0,22923.0,2.75
Morgan Junction,Husky Stadium,1256,2004,17572,2547.0,17583.0,5.5
Morgan Junction,Interbay,1502,2278,18084,3810.0,18168.0,2.75
Morgan Junction,Denny,772,995,8000,2059.0,8573.0,2.75
Morgan Junction,Westlake,1137,1827,13907,2530.0,14723.0,2.75
Morgan Junction,King Street Station,1144,1502,9604,2356.0,12933.0,2.75
Morgan Junction,Colman Dock,1152,1513,9860,2108.0,11966.0,2.75
Morgan Junction,South Lake Union,1155,1864,13600,2580.0,14334.0,2.75
Westwood,North Greenwood,974,1008,8632,3428.0,11538.0,2.75
Westwood,Oaktree,797,834,7445,2879.0,10394.0,2.75
Westwood,Roosevelt,859,884,7119,2423.0,8814.0,2.75
Westwood,Husky Stadium,1233,1271,11883,2513.0,10119.0,2.75
Westwood,Interbay,1792,1890,18241,4635.0,23541.0,5.5
Westwood,Denny,1364,1661,22300,3625.0,19521.0,5.5
Westwood,Westlake,1178,1460,17245,3921.0,18821.0,5.5
Westwood,King Street Station,1388,1812,19227,2887.0,17051.0,2.75
Westwood,Colman Dock,1448,1897,19354,2812.0,16533.0,2.75
Westwood,South Lake Union,983,1221,16086,3744.0,18417.0,5.5
Roxbury,North Greenwood,1784,2566,23939,4643.0,25888.0,2.75
Roxbury,Oaktree,1729,2509,23487,4585.0,24156.0,2.75
Roxbury,Roosevelt,1506,2130,21957,5356.0,24379.0,2.75
Roxbury,Husky Stadium,1389,2038,19555,3223.0,19042.0,5.5
Roxbury,Interbay,1596,2486,19877,4353.0,20893.0,2.75
Roxbury,Denny,911,993,9224,2316.0,11484.0,2.75
Roxbury,Westlake,1231,2035,15700,3539.0,17855.0,2.75
Roxbury,King Street Station,1242,1540,11360,2723.0,13826.0,2.75
Roxbury,Colman Dock,1249,1551,11616,2717.0,13425.0,2.75
Roxbury,South Lake Union,1183,2016,16149,3432.0,19807.0,2.75
Admiral,North Greenwood,1433,2133,20457,4069.0,20387.0,2.75
Admiral,Oaktree,1378,2076,20005,4552.0,23092.0,2.75
Admiral,Roosevelt,1115,1828,18284,5323.0,23340.0,2.75
Admiral,Husky Stadium,998,1735,15882,3010.0,15437.0,5.5
Admiral,Interbay,1244,2053,16394,4304.0,15048.0,2.75
Admiral,Denny,514,727,6311,1913.0,10639.0,2.75
Admiral,Westlake,879,1602,12218,2965.0,12355.0,2.75
Admiral,King Street Station,887,1244,7914,2929.0,11316.0,2.75
Admiral,Colman Dock,895,1274,8170,2324.0,9620.0,2.75
Admiral,South Lake Union,898,1639,11910,3429.0,14764.0,2.75
North Beacon Hill,North Greenwood,1303,1679,18219,3289.0,16245.0,5.5
North Beacon Hill,Oaktree,1203,1561,17635,2812.0,16326.0,5.5
North Beacon Hill,Roosevelt,968,1327,13921,2843.0,15030.0,5.5
North Beacon Hill,Husky Stadium,851,1238,11519,1330.0,10973.0,2.75
North Beacon Hill,Interbay,1396,1749,12229,3344.0,11023.0,5.5
North Beacon Hill,Denny,461,477,2646,513.0,2100.0,2.75
North Beacon Hill,Westlake,1031,1300,8053,1765.0,8352.0,5.5
North Beacon Hill,King Street Station,652,694,3636,705.0,3903.0,2.75
North Beacon Hill,Colman Dock,727,884,3998,1088.0,4881.0,2.75
North Beacon Hill,South Lake Union,644,1198,8113,2229.0,8056.0,5.5
Mt. Baker Station,North Greenwood,1440,1745,17355,3508.0,17421.0,5.5
Mt. Baker Station,Oaktree,1340,1628,16772,3031.0,17503.0,5.5
Mt. Baker Station,Roosevelt,1105,1393,13057,3062.0,16206.0,5.5
Mt. Baker Station,Husky Stadium,1124,1280,8168,1549.0,12149.0,2.75
Mt. Baker Station,Interbay,1554,1927,13636,3563.0,12200.0,5.5
Mt. Baker Station,Denny,577,614,4048,732.0,3277.0,2.75
Mt. Baker Station,Westlake,976,1503,8408,1984.0,9529.0,5.5
Mt. Baker Station,King Street Station,766,820,4332,924.0,5080.0,2.75
Mt. Baker Station,Colman Dock,898,957,4867,1307.0,6057.0,2.75
Mt. Baker Station,South Lake Union,781,1264,7249,2448.0,9233.0,5.5
Columbia City Station,North Greenwood,1491,1960,20100,3364.0,19511.0,5.5
Columbia City Station,Oaktree,1391,1844,19517,3127.0,19592.0,5.5
Columbia City Station,Roosevelt,1156,1604,15802,3210.0,18403.0,5.5
Columbia City Station,Husky Stadium,1039,1514,13400,1645.0,14239.0,2.75
Columbia City Station,Interbay,1609,2228,16374,3328.0,14842.0,5.5
Columbia City Station,Denny,631,752,4987,828.0,5366.0,2.75
Columbia City Station,Westlake,1028,1722,11152,2048.0,11618.0,5.5
Columbia City Station,King Street Station,1072,1130,7122,1020.0,7170.0,2.75
Columbia City Station,Colman Dock,1147,1337,7484,1403.0,8147.0,2.75
Columbia City Station,South Lake Union,833,1485,9994,2458.0,11310.0,5.5
Othello Station,North Greenwood,1514,2226,22525,3589.0,22024.0,5.5
Othello Station,Oaktree,1414,2110,21941,3352.0,22105.0,5.5
Othello Station,Roosevelt,1178,1871,18227,3435.0,20916.0,5.5
Othello Station,Husky Stadium,1061,1777,15825,1870.0,16752.0,2.75
Othello Station,Interbay,1668,2645,19476,3553.0,17355.0,5.5
Othello Station,Denny,647,964,7006,1053.0,7879.0,2.75
Othello Station,Westlake,1050,1994,13577,2273.0,14131.0,5.5
Othello Station,King Street Station,954,1583,10311,1245.0,9682.0,2.75
Othello Station,Colman Dock,1374,1598,9705,1628.0,10660.0,2.75
Othello Station,South Lake Union,855,1756,12419,2683.0,13823.0,5.5
Rainier Beach,North Greenwood,1672,2416,27689,5019.0,25618.0,8.25
Rainier Beach,Oaktree,1572,2301,27105,5262.0,24665.0,2.75
Rainier Beach,Roosevelt,1336,2061,23391,4932.0,24216.0,8.25
Rainier Beach,Husky Stadium,1219,1967,20989,3360.0,20346.0,5.5
Rainier Beach,Interbay,1826,2841,24640,5583.0,20166.0,2.75
Rainier Beach,Denny,1061,1088,12029,2543.0,11473.0,5.5
Rainier Beach,Westlake,1208,2185,18741,3915.0,17586.0,8.25
Rainier Beach,King Street Station,1112,1780,15475,2794.0,12555.0,2.75
Rainier Beach,Colman Dock,1120,1791,15731,3118.0,14254.0,5.5
Rainier Beach,South Lake Union,1013,1947,17582,4375.0,16106.0,2.75
West Seattle Junction/Triangle,Uptown,974,1704,11240,2612.0,12430.0,2.75
West Seattle Junction/Triangle,Lander,626,991,7112,2136.0,10141.0,5.5
West Seattle Junction/Triangle,Stadium,829,1174,7280,2153.0,7633.0,2.75
West Seattle Junction/Triangle,Capitol Hill,990,1689,14309,2788.0,12850.0,2.75
West Seattle Junction/Triangle,15th Ave,1063,1663,10839,3017.0,13023.0,2.75
West Seattle Junction/Triangle,Madison,1526,2080,15769,3290.0,15561.0,2.75
West Seattle Junction/Triangle,Central,1112,1660,12365,3100.0,13227.0,2.75
West Seattle Junction/Triangle,Pike/Pine,1036,1666,10921,2593.0,11880.0,2.75
West Seattle Junction/Triangle,First Hill,850,1485,10188,2626.0,11786.0,2.75
West Seattle Junction/Triangle,Yesler Terrace,890,1516,10429,3322.0,15471.0,2.75
Morgan Junction,Uptown,1171,1881,13089,2777.0,14220.0,2.75
Morgan Junction,Lander,823,1213,8961,3516.0,16727.0,2.75
Morgan Junction,Stadium,1025,1385,9130,2458.0,13073.0,2.75
Morgan Junction,Capitol Hill,1186,1910,16158,3021.0,14234.0,2.75
Morgan Junction,15th Ave,1511,1805,12666,2912.0,13755.0,2.75
Morgan Junction,Madison,1722,2301,17619,3485.0,17332.0,2.75
Morgan Junction,Central,1575,1840,13955,3295.0,14997.0,2.75
Morgan Junction,Pike/Pine,1233,1908,12771,2665.0,12989.0,2.75
Morgan Junction,First Hill,1046,1727,12038,3001.0,14133.0,2.75
Morgan Junction,Yesler Terrace,1277,1700,11796,3301.0,14649.0,2.75
Westwood,Uptown,1270,1561,17673,3495.0,18375.0,5.5
Westwood,Lander,1405,1845,23258,3512.0,20588.0,5.5
Westwood,Stadium,1362,1922,21206,3046.0,17315.0,2.75
Westwood,Capitol Hill,1157,1481,15916,3697.0,18817.0,5.5
Westwood,15th Ave,1484,1891,19602,3750.0,18260.0,5.5
Westwood,Madison,1404,1750,18808,4323.0,21206.0,2.75
Westwood,Central,1479,1796,19408,4229.0,19771.0,5.5
Westwood,Pike/Pine,1372,1779,18616,3503.0,17495.0,5.5
Westwood,First Hill,1255,1702,18766,3359.0,17024.0,5.5
Westwood,Yesler Terrace,1241,1675,18996,3796.0,17569.0,5.5
Roxbury,Uptown,1265,2089,14882,3483.0,15679.0,2.75
Roxbury,Lander,968,1236,10932,2737.0,13591.0,2.75
Roxbury,Stadium,1123,1424,10886,2565.0,12781.0,2.75
Roxbury,Capitol Hill,1320,1944,18142,3415.0,15969.0,5.5
Roxbury,15th Ave,1393,1930,14673,4128.0,15913.0,2.75
Roxbury,Madison,1718,2389,22719,4521.0,19367.0,2.75
Roxbury,Central,1442,1915,16198,4092.0,17044.0,2.75
Roxbury,Pike/Pine,1367,1944,14755,3705.0,15733.0,2.75
Roxbury,First Hill,1180,1762,14022,3427.0,14348.0,2.75
Roxbury,Yesler Terrace,1220,1786,14262,3498.0,16660.0,2.75
Admiral,Uptown,913,1656,11399,3180.0,11874.0,2.75
Admiral,Lander,566,944,7272,2417.0,12101.0,5.5
Admiral,Stadium,768,1127,7440,2771.0,10272.0,2.75
Admiral,Capitol Hill,929,1641,14469,3202.0,12364.0,5.5
Admiral,15th Ave,1002,1614,10999,3615.0,12434.0,2.75
Admiral,Madison,1465,2037,15929,4608.0,15562.0,2.75
Admiral,Central,1051,1616,12525,3518.0,12651.0,2.75
Admiral,Pike/Pine,975,1620,11081,3368.0,11668.0,2.75
Admiral,First Hill,789,1438,10348,3224.0,11197.0,2.75
Admiral,Yesler Terrace,829,1472,10589,3481.0,12475.0,2.75
North Beacon Hill,Uptown,1065,1350,7235,2160.0,7754.0,5.5
North Beacon Hill,Lander,59,58,140,113.0,140.0,0.0
North Beacon Hill,Stadium,604,700,3275,835.0,4154.0,2.75
North Beacon Hill,Capitol Hill,1047,1100,5712,1522.0,7900.0,2.75
North Beacon Hill,15th Ave,633,684,3920,2067.0,6264.0,5.5
North Beacon Hill,Madison,972,1070,7678,2808.0,11564.0,5.5
North Beacon Hill,Central,558,641,4273,1457.0,5926.0,5.5
North Beacon Hill,Pike/Pine,777,827,4206,1506.0,7923.0,2.75
North Beacon Hill,First Hill,621,752,3701,1390.0,4327.0,2.75
North Beacon Hill,Yesler Terrace,500,550,2953,1063.0,3271.0,2.75
Mt. Baker Station,Uptown,1068,1604,8835,2670.0,9525.0,2.75
Mt. Baker Station,Lander,275,290,1333,327.0,1369.0,2.75
Mt. Baker Station,Stadium,762,870,4682,1054.0,5331.0,2.75
Mt. Baker Station,Capitol Hill,1076,1188,7314,1741.0,9077.0,2.75
Mt. Baker Station,15th Ave,642,733,4061,1641.0,5096.0,2.75
Mt. Baker Station,Madison,890,855,7509,1920.0,8244.0,2.75
Mt. Baker Station,Central,449,527,3683,1049.0,4589.0,2.75
Mt. Baker Station,Pike/Pine,825,915,4742,1725.0,9100.0,2.75
Mt. Baker Station,First Hill,695,859,4139,1869.0,5556.0,5.5
Mt. Baker Station,Yesler Terrace,574,656,3390,1305.0,3586.0,2.75
Columbia City Station,Uptown,1120,1826,11580,2385.0,11115.0,5.5
Columbia City Station,Lander,498,519,3626,423.0,3458.0,2.75
Columbia City Station,Stadium,1024,1150,6761,1150.0,7421.0,2.75
Columbia City Station,Capitol Hill,969,1419,11986,1837.0,11167.0,2.75
Columbia City Station,15th Ave,972,1122,7364,2202.0,9530.0,5.5
Columbia City Station,Madison,1189,1198,9768,2943.0,13925.0,5.5
Columbia City Station,Central,741,862,5942,1637.0,6484.0,2.75
Columbia City Station,Pike/Pine,1197,1257,7692,1821.0,11190.0,2.75
Columbia City Station,First Hill,829,1215,7866,1883.0,8772.0,5.5
Columbia City Station,Yesler Terrace,920,980,6439,1545.0,5455.0,2.75
Othello Station,Uptown,1142,2098,14005,2610.0,13628.0,5.5
Othello Station,Lander,725,807,5846,648.0,5971.0,2.75
Othello Station,Stadium,835,1466,9837,1375.0,9933.0,2.75
Othello Station,Capitol Hill,992,1685,14411,2062.0,13679.0,2.75
Othello Station,15th Ave,1160,1367,9458,2427.0,12043.0,5.5
Othello Station,Madison,1381,1364,13218,3168.0,16438.0,5.5
Othello Station,Central,929,1107,8037,1817.0,9464.0,5.5
Othello Station,Pike/Pine,1363,1569,10415,2046.0,13702.0,2.75
Othello Station,First Hill,852,1481,10291,2108.0,11285.0,5.5
Othello Station,Yesler Terrace,1132,1342,7915,2039.0,8106.0,2.75
Rainier Beach,Uptown,1300,2290,19169,4130.0,17222.0,8.25
Rainier Beach,Lander,1073,1210,9086,2138.0,9565.0,5.5
Rainier Beach,Stadium,1215,1614,14599,2924.0,12806.0,2.75
Rainier Beach,Capitol Hill,1150,1875,19575,3552.0,17274.0,5.5
Rainier Beach,15th Ave,1223,1850,16106,3659.0,13586.0,2.75
Rainier Beach,Madison,1589,1608,15159,3758.0,16734.0,2.75
Rainier Beach,Central,1305,1475,11371,3187.0,13079.0,2.75
Rainier Beach,Pike/Pine,1196,1864,16188,3440.0,13393.0,2.75
Rainier Beach,First Hill,1010,1682,15455,3530.0,13151.0,2.75
Rainier Beach,Yesler Terrace,1050,1706,15695,2795.0,12050.0,2.75
West Seattle Junction/Triangle,Morgan Junction,336,295,1972,502.0,2403.0,2.75
West Seattle Junction/Triangle,Westwood,1667,2382,27269,4175.0,26037.0,5.5
West Seattle Junction/Triangle,Roxbury,717,768,6689,1537.0,7698.0,2.75
West Seattle Junction/Triangle,Admiral,292,339,2064,589.0,2197.0,2.75
West Seattle Junction/Triangle,North Beacon Hill,688,1052,7252,2079.0,10112.0,5.5
West Seattle Junction/Triangle,Mt. Baker Station,781,1131,8188,2281.0,11359.0,5.5
West Seattle Junction/Triangle,Columbia City Station,773,1145,8757,2457.0,13600.0,2.75
West Seattle Junction/Triangle,Othello Station,927,1235,11259,2599.0,15875.0,5.5
West Seattle Junction/Triangle,Rainier Beach,1005,1301,16059,3930.0,19886.0,2.75
Morgan Junction,West Seattle Junction/Triangle,356,347,1972,587.0,2243.0,2.75
Morgan Junction,Westwood,1863,2603,29119,4310.0,27808.0,5.5
Morgan Junction,Roxbury,531,555,4796,1225.0,5561.0,2.75
Morgan Junction,Admiral,629,668,3984,988.0,4309.0,2.75
Morgan Junction,North Beacon Hill,884,1274,9101,3565.0,16782.0,2.75
Morgan Junction,Mt. Baker Station,977,1353,10038,4097.0,18888.0,2.75
Morgan Junction,Columbia City Station,970,1365,10607,2875.0,15180.0,2.75
Morgan Junction,Othello Station,1123,1448,13109,3917.0,23111.0,5.5
Morgan Junction,Rainier Beach,1201,1520,17908,4408.0,21466.0,2.75
Westwood,West Seattle Junction/Triangle,1576,1994,27333,4185.0,25215.0,5.5
Westwood,Morgan Junction,1772,2184,29148,4295.0,27120.0,5.5
Westwood,Roxbury,1881,2305,30855,4821.0,28232.0,5.5
Westwood,Admiral,1547,1956,27464,5590.0,27457.0,5.5
Westwood,North Beacon Hill,1395,1811,22197,3455.0,20559.0,5.5
Westwood,Mt. Baker Station,1404,1807,22170,3657.0,21806.0,5.5
Westwood,Columbia City Station,1552,1993,24903,3735.0,23579.0,5.5
Westwood,Othello Station,1723,2151,27717,3975.0,26322.0,5.5
Westwood,Rainier Beach,1801,2237,32517,5666.0,29182.0,5.5
Roxbury,West Seattle Junction/Triangle,738,798,6888,1533.0,7703.0,2.75
Roxbury,Morgan Junction,544,574,4789,1136.0,5562.0,2.75
Roxbury,Westwood,1997,2637,31102,5046.0,29047.0,5.5
Roxbury,Admiral,938,1006,8747,2163.0,9960.0,2.75
Roxbury,North Beacon Hill,1030,1298,11072,2774.0,13611.0,2.75
Roxbury,Mt. Baker Station,1123,1378,12009,3477.0,14852.0,5.5
Roxbury,Columbia City Station,1062,1172,9601,3613.0,30453.0,0.0
Roxbury,Othello Station,1093,1194,10500,3358.0,27840.0,0.0
Roxbury,Rainier Beach,1128,1168,13554,4182.0,31409.0,0.0
Admiral,West Seattle Junction/Triangle,292,318,2064,626.0,2219.0,2.75
Admiral,Morgan Junction,595,584,3984,994.0,4171.0,2.75
Admiral,Westwood,1606,2335,27429,4893.0,25242.0,5.5
Admiral,Roxbury,885,926,9013,2398.0,9635.0,2.75
Admiral,North Beacon Hill,627,1006,7411,2360.0,12072.0,5.5
Admiral,Mt. Baker Station,720,1085,8348,2562.0,13336.0,5.5
Admiral,Columbia City Station,712,1099,8917,2678.0,15568.0,2.75
Admiral,Othello Station,866,1189,11419,2880.0,17850.0,5.5
Admiral,Rainier Beach,944,1255,16219,4211.0,21855.0,2.75
North Beacon Hill,West Seattle Junction/Triangle,610,615,7256,2190.0,13124.0,5.5
North Beacon Hill,Morgan Junction,805,808,9070,2300.0,15030.0,5.5
North Beacon Hill,Westwood,1458,1829,23066,3273.0,20937.0,5.5
North Beacon Hill,Roxbury,928,936,10762,2406.0,16347.0,5.5
North Beacon Hill,Admiral,581,579,7387,2160.0,11807.0,5.5
North Beacon Hill,Mt. Baker Station,203,203,1221,222.0,1337.0,2.75
North Beacon Hill,Columbia City Station,423,421,3243,300.0,3107.0,2.75
North Beacon Hill,Othello Station,704,698,5797,540.0,5851.0,2.75
North Beacon Hill,Rainier Beach,849,881,12424,1511.0,9576.0,5.5
Mt. Baker Station,West Seattle Junction/Triangle,744,766,8198,2409.0,14300.0,5.5
Mt. Baker Station,Morgan Junction,939,959,10013,2519.0,16206.0,5.5
Mt. Baker Station,Westwood,1596,1895,22202,3492.0,22114.0,5.5
Mt. Baker Station,Roxbury,1062,1086,11705,2625.0,17523.0,5.5
Mt. Baker Station,Admiral,715,730,8329,2379.0,12984.0,5.5
Mt. Baker Station,North Beacon Hill,220,234,1221,219.0,1235.0,2.75
Mt. Baker Station,Columbia City Station,218,213,1937,275.0,2094.0,2.75
Mt. Baker Station,Othello Station,519,506,4520,515.0,4838.0,2.75
Mt. Baker Station,Rainier Beach,898,860,7981,1519.0,8482.0,2.75
Columbia City Station,West Seattle Junction/Triangle,798,903,9137,2319.0,13375.0,2.75
Columbia City Station,Morgan Junction,994,1096,10952,2735.0,18296.0,5.5
Columbia City Station,Westwood,1647,2112,24947,3588.0,24204.0,5.5
Columbia City Station,Roxbury,1064,1138,10079,2721.0,19613.0,5.5
Columbia City Station,Admiral,769,867,9268,2675.0,15402.0,2.75
Columbia City Station,North Beacon Hill,461,480,3579,315.0,3324.0,2.75
Columbia City Station,Mt. Baker Station,370,420,2426,297.0,2362.0,2.75
Columbia City Station,Othello Station,268,257,2355,240.0,2753.0,2.75
Columbia City Station,Rainier Beach,649,637,5702,1160.0,6266.0,2.75
Othello Station,West Seattle Junction/Triangle,810,1112,11147,2344.0,15559.0,5.5
Othello Station,Morgan Junction,1005,1304,12962,2960.0,20809.0,5.5
Othello Station,Westwood,1669,2378,27371,3813.0,26716.0,5.5
Othello Station,Roxbury,1004,1096,9902,2946.0,22126.0,5.5
Othello Station,Admiral,781,1075,11278,2700.0,17586.0,5.5
Othello Station,North Beacon Hill,688,769,5799,540.0,5837.0,2.75
Othello Station,Mt. Baker Station,558,667,4521,522.0,4875.0,2.75
Othello Station,Columbia City Station,349,403,2648,255.0,2981.0,2.75
Othello Station,Rainier Beach,339,341,3167,785.0,4075.0,2.75
Rainier Beach,West Seattle Junction/Triangle,967,1302,16311,4074.0,20038.0,2.75
Rainier Beach,Morgan Junction,1319,1381,15148,4630.0,21781.0,2.75
Rainier Beach,Westwood,1827,2566,32535,5843.0,29590.0,5.5
Rainier Beach,Roxbury,1109,1136,12297,4955.0,32235.0,0.0
Rainier Beach,Admiral,938,1266,16442,4430.0,22065.0,2.75
Rainier Beach,North Beacon Hill,1036,1172,9039,2030.0,9431.0,5.5
Rainier Beach,Mt. Baker Station,932,1043,7981,1550.0,8486.0,2.75
Rainier Beach,Columbia City Station,726,779,5982,1227.0,6547.0,2.75
Rainier Beach,Othello Station,344,354,3154,823.0,3804.0,2.75
West Seattle Junction/Triangle,Belltown,771,1495,10063,1826.0,10667.0,2.75
Morgan Junction,Belltown,967,1672,11913,2021.0,12438.0,2.75
Westwood,Belltown,1529,1715,17820,2965.0,16571.0,5.5
Roxbury,Belltown,1061,1880,13706,2867.0,13897.0,2.75
Admiral,Belltown,710,1447,10223,2892.0,12855.0,2.75
North Beacon Hill,Belltown,861,1146,6058,1374.0,6178.0,5.5
Mt. Baker Station,Belltown,1035,1403,6426,2075.0,7854.0,2.75
Columbia City Station,Belltown,1070,1567,9114,1790.0,9444.0,5.5
Othello Station,Belltown,1093,1833,11539,2015.0,11957.0,5.5
Rainier Beach,Belltown,1251,2022,16702,3470.0,15412.0,8.25
Belltown,University District,888,952,8063,2097.0,8188.0,2.75
Belltown,Ballard,1059,1123,9326,2136.0,9827.0,2.75
Belltown,Fremont,453,484,4735,675.0,4799.0,2.75
Belltown,Campus Parkway,789,829,7430,1526.0,7670.0,2.75
Belltown,Northgate,1041,1077,13265,2935.0,14543.0,2.75
Belltown,Broadview,1292,1301,13705,2704.0,13520.0,2.75
Belltown,Crown Hill,1115,1120,11320,2017.0,10976.0,2.75
Belltown,Greenwood,964,979,10471,1727.0,10033.0,2.75
Belltown,Lake City,1182,1233,14413,3267.0,19190.0,2.75
Belltown,North Green Lake,582,593,8011,1284.0,8428.0,2.75
Belltown,North Greenwood,967,982,10572,1723.0,10297.0,2.75
Belltown,Oaktree,912,926,10120,1417.0,10238.0,2.75
Belltown,Roosevelt,908,960,9583,2108.0,9847.0,2.75
Belltown,Husky Stadium,791,871,7181,1154.0,6420.0,2.75
Belltown,Interbay,780,824,7030,1722.0,4935.0,2.75
Belltown,Denny,867,886,4526,1304.0,4602.0,2.75
Belltown,Westlake,414,445,2333,400.0,2265.0,2.75
Belltown,King Street Station,603,609,2291,875.0,2396.0,2.75
Belltown,Colman Dock,638,592,2451,837.0,2126.0,2.75
Belltown,South Lake Union,432,489,2025,1007.0,2181.0,2.75
Belltown,Uptown,400,382,1841,649.0,1761.0,2.75
Belltown,Lander,834,899,7222,1427.0,6073.0,2.75
Belltown,Stadium,691,698,2681,980.0,2535.0,2.75
Belltown,Capitol Hill,631,672,2870,1346.0,3348.0,2.75
Belltown,15th Ave,847,871,3772,1436.0,3560.0,2.75
Belltown,Madison,1188,1290,6126,1860.0,6339.0,2.75
Belltown,Central,1005,1029,5201,1790.0,4814.0,2.75
Belltown,Pike/Pine,679,666,2371,1189.0,2795.0,2.75
Belltown,First Hill,580,606,2458,1045.0,2324.0,2.75
Belltown,Yesler Terrace,666,696,2860,1262.0,2767.0,2.75
Belltown,West Seattle Junction/Triangle,795,806,9820,1902.0,10237.0,2.75
Belltown,Morgan Junction,990,998,11634,2012.0,12142.0,2.75
Belltown,Westwood,1399,1475,18727,2865.0,16814.0,5.5
Belltown,Roxbury,1059,1081,13905,2158.0,13431.0,2.75
Belltown,Admiral,766,770,9951,2524.0,12423.0,2.75
Belltown,North Beacon Hill,817,856,6178,1370.0,6044.0,2.75
Belltown,Mt. Baker Station,826,851,6150,1572.0,7291.0,2.75
Belltown,Columbia City Station,981,1054,8867,1650.0,9063.0,2.75
Belltown,Othello Station,1152,1224,11682,1890.0,11807.0,2.75
Belltown,Rainier Beach,1230,1290,16481,3041.0,15554.0,5.5
